DATE,USER_ID,SALES
6/1/23,3,5.89
6/1/23,79,13.08
6/1/23,75,6.88
6/1/23,76,7.63
6/1/23,100,3.5
6/1/23,198,7.49
6/1/23,130,19.99
6/1/23,254,6.99
6/1/23,166,5.49
6/1/23,324,6.88
6/1/23,168,4.97
6/1/23,338,9.48
6/1/23,340,16.48
6/1/23,394,6.99
6/1/23,404,6.24
6/1/23,465,4.99
6/1/23,303,6.88
6/1/23,266,4.22
6/1/23,520,7.63
6/1/23,26,3.5
6/1/23,298,3.5
6/1/23,299,5.49
6/1/23,334,7.63
6/1/23,651,6.99
6/1/23,653,4.61
6/1/23,365,7.63
6/1/23,712,5.79
6/1/23,367,7.29
6/1/23,713,4.24
6/1/23,715,6.88
6/1/23,771,7.53
6/1/23,775,7.63
6/1/23,777,5.24
6/1/23,428,5.99
6/1/23,835,18.99
6/1/23,895,5.09
6/1/23,461,3.5
6/1/23,897,8.39
6/1/23,957,6.99
6/1/23,495,6.39
6/1/23,64,4.99
6/1/23,1023,6.74
6/1/23,1078,7.63
6/1/23,558,4.99
6/1/23,630,5.22
6/1/23,1218,5.04
6/1/23,667,6.99
6/1/23,671,7.29
6/1/23,706,6.88
6/1/23,1360,7.63
6/1/23,709,6.99
6/1/23,1364,8.28
6/1/23,1418,7.63
6/1/23,740,4.89
6/1/23,1420,4.49
6/1/23,728,5.79
6/1/23,1423,4.22
6/1/23,1425,6.88
6/1/23,1551,6.88
6/1/23,813,10.5
6/1/23,1553,5.49
6/1/23,819,6.24
6/1/23,849,7.29
6/1/23,1679,7.39
6/1/23,883,5.99
6/1/23,884,3.84
6/1/23,1698,6.65
6/1/23,1744,4.99
6/1/23,1789,7.63
6/1/23,966,6.99
6/1/23,1832,4.74
6/1/23,1834,5.9
6/1/23,1878,6.88
6/1/23,1022,3.5
6/1/23,1927,7.99
6/1/23,1024,7.29
6/1/23,1027,4.84
6/1/23,1053,19.99
6/1/23,1985,7.63
6/1/23,1056,6.89
6/1/23,1991,17.59
6/1/23,1088,8.99
6/1/23,2053,3.69
6/1/23,1090,6.09
6/1/23,2055,6.24
6/1/23,2111,3.5
6/1/23,2172,3.5
6/1/23,2174,4.99
6/1/23,1156,7.99
6/1/23,1190,12.48
6/1/23,2240,5.99
6/1/23,2242,3.5
6/1/23,1192,5.79
6/1/23,2247,3.89
6/1/23,2314,6.65
6/1/23,2316,3.5
6/1/23,2319,6.99
6/1/23,2372,3.5
6/1/23,1289,4.22
6/1/23,2418,5.74
6/1/23,1291,7.63
6/1/23,2420,3.5
6/1/23,1293,5.04
6/1/23,1294,4.99
6/1/23,2424,4.97
6/1/23,2475,5.84
6/1/23,2477,6.99
6/1/23,1326,4.99
6/1/23,2483,6.88
6/1/23,2485,5.22
6/1/23,2547,4.09
6/1/23,1390,5.04
6/1/23,1391,6.99
6/1/23,2600,13.3
6/1/23,1392,4.61
6/1/23,1395,6.99
6/1/23,2032,3.5
6/1/23,2651,6.99
6/1/23,1425,6.64
6/1/23,2701,4.22
6/1/23,1455,6.39
6/1/23,2707,6.88
6/1/23,1487,7.63
6/1/23,2759,5.99
6/1/23,1488,5.22
6/1/23,1490,7.08
6/1/23,2765,5.22
6/1/23,1553,14
6/1/23,1554,7.99
6/1/23,2878,7.63
6/1/23,1591,7.29
6/1/23,424,6.88
6/1/23,2944,8.99
6/1/23,2948,4.74
6/1/23,3002,6.39
6/1/23,3004,4.74
6/1/23,1626,4.22
6/1/23,1663,5.22
6/1/23,3118,7.63
6/1/23,1693,7.39
6/1/23,1729,7.63
6/1/23,1761,6.88
6/1/23,3284,7.63
6/1/23,1826,3.84
6/1/23,3351,13.76
6/1/23,1831,4.99
6/1/23,3355,6.88
6/1/23,3403,6.59
6/1/23,1860,6.49
6/1/23,3405,5.34
6/1/23,3463,5.79
6/1/23,1893,6.24
6/1/23,3465,5.19
6/1/23,3523,10.08
6/1/23,1954,4.47
6/1/23,1955,6.09
6/1/23,3619,5.22
6/1/23,3622,4.22
6/1/23,3626,4.24
6/1/23,3677,6.24
6/1/23,3741,7.49
6/1/23,3744,4.22
6/1/23,2051,4.47
6/1/23,2052,4.74
6/1/23,3808,6.99
6/1/23,2089,6.99
6/1/23,2090,4.24
6/1/23,2093,7.63
6/2/23,1,7.63
6/2/23,2,6.49
6/2/23,3,7.63
6/2/23,4,7.24
6/2/23,87,3.5
6/2/23,45,4.22
6/2/23,73,5.99
6/2/23,74,7.63
6/2/23,194,5.89
6/2/23,101,6.99
6/2/23,202,6.88
6/2/23,129,7.83
6/2/23,252,6.99
6/2/23,131,5.84
6/2/23,326,3.5
6/2/23,169,5.99
6/2/23,170,5.19
6/2/23,332,7.99
6/2/23,172,3.5
6/2/23,173,7.63
6/2/23,175,5.49
6/2/23,176,8.89
6/2/23,203,5.85
6/2/23,396,5.64
6/2/23,400,13.98
6/2/23,402,5.99
6/2/23,207,5.79
6/2/23,406,7.63
6/2/23,239,7.39
6/2/23,240,3.5
6/2/23,265,5.99
6/2/23,579,21.39
6/2/23,585,7.63
6/2/23,587,7.29
6/2/23,645,6.99
6/2/23,333,5.79
6/2/23,364,17.29
6/2/23,366,6.24
6/2/23,368,19.99
6/2/23,769,4.97
6/2/23,397,3.5
6/2/23,839,5.09
6/2/23,493,16.94
6/2/23,494,6.99
6/2/23,225,4.99
6/2/23,496,6.99
6/2/23,498,13.08
6/2/23,529,4.22
6/2/23,1025,7.63
6/2/23,530,5.99
6/2/23,1080,3.5
6/2/23,1084,5.89
6/2/23,561,6.89
6/2/23,598,5.64
6/2/23,1156,4.99
6/2/23,599,7
6/2/23,629,5.22
6/2/23,1213,55.47
6/2/23,1214,6.99
6/2/23,637,5.79
6/2/23,1278,4.47
6/2/23,665,7.63
6/2/23,666,27.66
6/2/23,1284,6.88
6/2/23,669,5.99
6/2/23,707,5.04
6/2/23,708,6.65
6/2/23,1362,5.75
6/2/23,749,4.24
6/2/23,1486,6.09
6/2/23,1549,16.09
6/2/23,812,6.39
6/2/23,458,6.69
6/2/23,817,6.99
6/2/23,1558,4.47
6/2/23,1617,5.85
6/2/23,853,7.49
6/2/23,882,7.63
6/2/23,1683,7.63
6/2/23,1685,3.5
6/2/23,1687,6.99
6/2/23,887,4.99
6/2/23,916,17.79
6/2/23,917,5.24
6/2/23,1746,5.22
6/2/23,943,5.04
6/2/23,1791,7.29
6/2/23,967,7.63
6/2/23,970,3.5
6/2/23,1023,7.99
6/2/23,1929,6.59
6/2/23,1025,7.63
6/2/23,1931,6.39
6/2/23,872,17.29
6/2/23,1989,4.22
6/2/23,1993,6.69
6/2/23,1999,5.29
6/2/23,1089,5.55
6/2/23,1091,17.29
6/2/23,1121,5.64
6/2/23,209,7.63
6/2/23,1189,19.99
6/2/23,2238,8.99
6/2/23,1193,4.97
6/2/23,2245,17.69
6/2/23,2312,7.63
6/2/23,1262,7.19
6/2/23,1263,4.89
6/2/23,2416,7.49
6/2/23,2427,4.69
6/2/23,2481,5.24
6/2/23,1358,7.53
6/2/23,2549,11.28
6/2/23,1905,5.59
6/2/23,1393,4.22
6/2/23,492,7.63
6/2/23,1423,4.22
6/2/23,1424,8.09
6/2/23,2655,6.99
6/2/23,2714,6.89
6/2/23,1461,3.5
6/2/23,2761,5.99
6/2/23,2763,6.99
6/2/23,1491,3.5
6/2/23,1492,3.5
6/2/23,2780,5.99
6/2/23,1517,7.63
6/2/23,1518,7.29
6/2/23,1520,6.99
6/2/23,135,5.79
6/2/23,1557,6.99
6/2/23,1592,6.88
6/2/23,1623,3.5
6/2/23,1625,4.99
6/2/23,1630,7.24
6/2/23,42,5.99
6/2/23,3066,5.59
6/2/23,1664,7.63
6/2/23,1665,4.74
6/2/23,3119,6.09
6/2/23,1728,6.88
6/2/23,3178,6.99
6/2/23,3180,4.89
6/2/23,3183,4.22
6/2/23,1732,8.24
6/2/23,3236,5.09
6/2/23,1789,6.99
6/2/23,1790,6.59
6/2/23,3286,5.79
6/2/23,1791,5.24
6/2/23,3288,7.37
6/2/23,1793,6.24
6/2/23,3291,6.99
6/2/23,3298,3.5
6/2/23,1827,8.99
6/2/23,1828,3.5
6/2/23,3349,6.99
6/2/23,1829,6.39
6/2/23,3353,4.74
6/2/23,1832,5.29
6/2/23,1834,6.49
6/2/23,3407,3.5
6/2/23,1862,7.63
6/2/23,3467,13.63
6/2/23,1927,5.09
6/2/23,2075,27.56
6/2/23,3577,5.79
6/2/23,3624,7.63
6/2/23,1984,9.68
6/2/23,3627,16.28
6/2/23,3673,7.99
6/2/23,3675,7.69
6/2/23,2012,14.48
6/2/23,354,5.49
6/2/23,3746,16.09
6/2/23,3748,13.08
6/2/23,2056,3.5
6/2/23,2057,3.5
6/2/23,3806,7.63
6/2/23,3810,3.5
6/2/23,3814,4.99
6/3/23,5,6.99
6/3/23,41,6.99
6/3/23,43,6.99
6/3/23,44,6.99
6/3/23,145,5.24
6/3/23,147,4.97
6/3/23,149,4.99
6/3/23,151,6.39
6/3/23,77,5.22
6/3/23,196,7.19
6/3/23,102,3.5
6/3/23,200,7.29
6/3/23,103,6.99
6/3/23,106,3.5
6/3/23,256,5.64
6/3/23,167,7.29
6/3/23,328,6.74
6/3/23,330,6.19
6/3/23,334,4.22
6/3/23,204,5.99
6/3/23,205,4.59
6/3/23,209,6.99
6/3/23,238,6.59
6/3/23,467,18.39
6/3/23,469,4.24
6/3/23,241,6.99
6/3/23,264,5.49
6/3/23,269,4.99
6/3/23,581,6.24
6/3/23,300,6.88
6/3/23,589,8.99
6/3/23,647,6.99
6/3/23,649,5.99
6/3/23,336,6.99
6/3/23,655,4.99
6/3/23,708,6.39
6/3/23,710,7.63
6/3/23,369,7.49
6/3/23,396,3.5
6/3/23,398,7.63
6/3/23,429,7.53
6/3/23,462,6.69
6/3/23,899,7.63
6/3/23,465,4.74
6/3/23,907,3.5
6/3/23,959,12.48
6/3/23,497,14.48
6/3/23,528,6.99
6/3/23,531,3.5
6/3/23,1031,8.19
6/3/23,1033,4.99
6/3/23,534,6.49
6/3/23,556,6.99
6/3/23,557,7.63
6/3/23,1082,3.5
6/3/23,559,6.24
6/3/23,560,3.5
6/3/23,1088,4.74
6/3/23,1093,4.97
6/3/23,1101,6.88
6/3/23,601,6.88
6/3/23,1160,3.86
6/3/23,631,5.49
6/3/23,1216,6.99
6/3/23,632,5.99
6/3/23,1222,3.5
6/3/23,1224,12.48
6/3/23,1280,5.99
6/3/23,1282,5.89
6/3/23,1286,5.89
6/3/23,670,6.88
6/3/23,1292,3.5
6/3/23,1294,6.88
6/3/23,1358,3.5
6/3/23,1366,8.48
6/3/23,1370,5.24
6/3/23,739,4.99
6/3/23,741,5.34
6/3/23,743,7.69
6/3/23,744,4.89
6/3/23,1428,5.74
6/3/23,1484,6.64
6/3/23,777,7.75
6/3/23,779,6.24
6/3/23,814,5.79
6/3/23,1554,9.18
6/3/23,1556,6.99
6/3/23,816,6.49
6/3/23,820,4.19
6/3/23,847,7.63
6/3/23,1613,8.48
6/3/23,857,18.39
6/3/23,1681,4.22
6/3/23,885,10.08
6/3/23,886,7.63
6/3/23,1689,7.24
6/3/23,1692,4.99
6/3/23,890,5.55
6/3/23,1742,5.49
6/3/23,918,6.09
6/3/23,919,7.99
6/3/23,923,7.49
6/3/23,1756,5.34
6/3/23,944,4.99
6/3/23,949,16.09
6/3/23,1830,6.99
6/3/23,968,7.63
6/3/23,1879,8.48
6/3/23,1881,5.22
6/3/23,999,4.97
6/3/23,1026,3.5
6/3/23,1028,4.24
6/3/23,1937,8.28
6/3/23,1983,6.99
6/3/23,1054,6.99
6/3/23,1055,18.79
6/3/23,1987,6.88
6/3/23,1057,3.5
6/3/23,2051,7.63
6/3/23,2113,3.5
6/3/23,1154,8.28
6/3/23,1155,5.79
6/3/23,2176,7.49
6/3/23,2180,7.59
6/3/23,2139,5.34
6/3/23,1195,3.5
6/3/23,2249,5.99
6/3/23,1196,6.89
6/3/23,1235,6.99
6/3/23,1237,6.99
6/3/23,523,62.46
6/3/23,1265,7.74
6/3/23,2374,3.5
6/3/23,999,13.76
6/3/23,1290,9.78
6/3/23,2422,8.09
6/3/23,1295,7.63
6/3/23,1325,12.48
6/3/23,1327,6.14
6/3/23,1331,8.28
6/3/23,2544,6.99
6/3/23,1359,5.49
6/3/23,1545,6.88
6/3/23,2552,3.5
6/3/23,1365,9.78
6/3/23,2604,5.99
6/3/23,2606,8.09
6/3/23,1422,7.63
6/3/23,2653,6.09
6/3/23,1427,3.5
6/3/23,2658,5.89
6/3/23,1428,12.48
6/3/23,1435,5.99
6/3/23,2703,5.99
6/3/23,2705,13.76
6/3/23,2709,5.99
6/3/23,2711,6.24
6/3/23,1489,6.99
6/3/23,2771,6.89
6/3/23,1497,8.28
6/3/23,2818,5.79
6/3/23,2821,6.88
6/3/23,1522,8.69
6/3/23,1523,4.99
6/3/23,1555,3.5
6/3/23,1590,7.99
6/3/23,1593,4.22
6/3/23,1624,18.79
6/3/23,2628,6.99
6/3/23,1627,5.24
6/3/23,3009,19.64
6/3/23,3068,4.49
6/3/23,1666,16.28
6/3/23,3121,5.49
6/3/23,3125,6.99
6/3/23,1731,4.74
6/3/23,3185,12.48
6/3/23,1760,7.63
6/3/23,3234,6.99
6/3/23,1762,5.49
6/3/23,1766,13.08
6/3/23,3244,5.22
6/3/23,3293,5.99
6/3/23,1796,6.96
6/3/23,3345,4.61
6/3/23,1830,6.99
6/3/23,1833,6.69
6/3/23,3363,5.49
6/3/23,1861,6.09
6/3/23,1863,7.63
6/3/23,3418,5.49
6/3/23,1924,4.89
6/3/23,3526,5.89
6/3/23,1926,6.09
6/3/23,3574,5.39
6/3/23,1956,18.39
6/3/23,1980,6.99
6/3/23,3620,4.99
6/3/23,1982,7
6/3/23,1983,4.22
6/3/23,2010,6.24
6/3/23,2011,9.48
6/3/23,2016,5.09
6/3/23,2048,5.24
6/3/23,2049,7.99
6/3/23,2050,5.04
6/3/23,2053,5.04
6/3/23,2087,6.88
6/3/23,3812,7.63
6/3/23,3816,7.29
6/3/23,2094,6.99
6/3/23,3820,5.09
6/3/23,3822,4.69
6/4/23,7,6.99
6/4/23,13,6.88
6/4/23,15,6.59
6/4/23,17,6.99
6/4/23,19,5.24
6/4/23,25,4.97
6/4/23,83,6.65
6/4/23,152,6.24
6/4/23,79,7.99
6/4/23,206,7.99
6/4/23,210,5.79
6/4/23,133,5.79
6/4/23,260,4.69
6/4/23,262,13.76
6/4/23,171,5.59
6/4/23,336,5.49
6/4/23,185,7.99
6/4/23,398,6.88
6/4/23,206,3.54
6/4/23,267,7.63
6/4/23,522,6.24
6/4/23,525,7.08
6/4/23,271,7.63
6/4/23,272,8.89
6/4/23,273,4.99
6/4/23,583,5.99
6/4/23,302,5.04
6/4/23,332,6.88
6/4/23,335,6.89
6/4/23,657,6.89
6/4/23,340,6.89
6/4/23,76,5.99
6/4/23,717,7.63
6/4/23,373,3.5
6/4/23,773,17.69
6/4/23,430,13.76
6/4/23,841,8.89
6/4/23,432,6.59
6/4/23,843,5.79
6/4/23,847,6.99
6/4/23,470,6.88
6/4/23,961,13.08
6/4/23,969,7.63
6/4/23,500,3.5
6/4/23,971,5.99
6/4/23,1027,7.99
6/4/23,1029,5.04
6/4/23,532,7.63
6/4/23,1035,7.19
6/4/23,1055,6.99
6/4/23,1086,6.88
6/4/23,562,12.48
6/4/23,1090,6.39
6/4/23,564,7.99
6/4/23,565,7.99
6/4/23,570,8.28
6/4/23,600,6.99
6/4/23,602,14.48
6/4/23,1220,7.99
6/4/23,635,3.5
6/4/23,668,4.74
6/4/23,673,7.63
6/4/23,1296,5.24
6/4/23,710,7.53
6/4/23,711,4.74
6/4/23,713,5.99
6/4/23,742,4.84
6/4/23,1427,7.63
6/4/23,746,6.88
6/4/23,1431,6.39
6/4/23,776,4.24
6/4/23,778,6.99
6/4/23,1609,7.39
6/4/23,846,5.24
6/4/23,1611,7.63
6/4/23,1615,6.24
6/4/23,850,8.58
6/4/23,1619,6.39
6/4/23,888,6.59
6/4/23,1691,6.89
6/4/23,889,8.99
6/4/23,893,13.76
6/4/23,1748,16.09
6/4/23,1792,6.99
6/4/23,1794,16.09
6/4/23,969,18.39
6/4/23,1836,6.99
6/4/23,1840,6.65
6/4/23,1842,3.5
6/4/23,996,6.99
6/4/23,998,3.5
6/4/23,1925,7.99
6/4/23,1935,3.5
6/4/23,1058,17.79
6/4/23,1995,4.97
6/4/23,1061,5.79
6/4/23,2011,4.22
6/4/23,2049,6.99
6/4/23,2057,4.04
6/4/23,1092,5.85
6/4/23,1122,6.99
6/4/23,2115,7.63
6/4/23,1157,4.99
6/4/23,2178,4.99
6/4/23,1158,3.5
6/4/23,2182,3.5
6/4/23,1161,5.79
6/4/23,1191,3.5
6/4/23,1199,4.69
6/4/23,2269,5.99
6/4/23,1232,3.5
6/4/23,1233,7.99
6/4/23,1234,5.04
6/4/23,184,15.26
6/4/23,2368,4.22
6/4/23,1266,7.34
6/4/23,2378,6.09
6/4/23,1270,5.55
6/4/23,2429,6.88
6/4/23,2443,13.76
6/4/23,1329,6.99
6/4/23,2501,7.63
6/4/23,1361,5.22
6/4/23,1364,6.88
6/4/23,2602,7.63
6/4/23,1394,7.63
6/4/23,1396,5.79
6/4/23,1398,6.99
6/4/23,2613,5.22
6/4/23,2657,6.99
6/4/23,2665,13.08
6/4/23,1456,4.22
6/4/23,1457,4.97
6/4/23,1458,6.89
6/4/23,2712,6.24
6/4/23,1459,5.55
6/4/23,1460,4.22
6/4/23,2723,3.54
6/4/23,2769,16.09
6/4/23,1493,11.98
6/4/23,2773,7.29
6/4/23,1495,6.88
6/4/23,2781,6.24
6/4/23,1519,7.99
6/4/23,1521,4.49
6/4/23,2834,6.88
6/4/23,1529,5
6/4/23,1552,7.63
6/4/23,2876,26.46
6/4/23,1556,6.09
6/4/23,2886,5.99
6/4/23,2942,4.22
6/4/23,2946,7.63
6/4/23,2952,5.24
6/4/23,2959,7.63
6/4/23,2519,7.99
6/4/23,1629,6.59
6/4/23,3011,4.99
6/4/23,3013,8.09
6/4/23,1631,7.19
6/4/23,3015,7.63
6/4/23,1640,3.5
6/4/23,3031,7.99
6/4/23,3070,3.54
6/4/23,1667,6.89
6/4/23,1695,7.49
6/4/23,3127,4.24
6/4/23,3129,3.54
6/4/23,3131,6.39
6/4/23,1702,7.63
6/4/23,1730,3.5
6/4/23,3232,5.94
6/4/23,1763,3.5
6/4/23,1126,13.76
6/4/23,1792,3.5
6/4/23,1335,12.48
6/4/23,1794,5.24
6/4/23,1795,3.5
6/4/23,3296,4.74
6/4/23,1798,6.88
6/4/23,3300,6.88
6/4/23,1802,20.39
6/4/23,3308,7.63
6/4/23,3347,4.22
6/4/23,3357,6.99
6/4/23,1864,13.76
6/4/23,2300,18.39
6/4/23,1894,11.58
6/4/23,1895,4.47
6/4/23,3469,4.22
6/4/23,1896,6.88
6/4/23,3475,5.64
6/4/23,1907,7.63
6/4/23,3524,6.89
6/4/23,1928,4.99
6/4/23,3532,6.99
6/4/23,3580,6.82
6/4/23,1981,4.97
6/4/23,1985,3.5
6/4/23,3629,6.09
6/4/23,1987,4.22
6/4/23,2014,6.59
6/4/23,2015,5.79
6/4/23,3682,5.99
6/4/23,2017,4.47
6/4/23,2018,5.22
6/4/23,3689,5.24
6/4/23,3750,4.23
6/4/23,3754,5.24
6/4/23,2088,7.63
6/4/23,2091,5.19
6/4/23,2092,8.09
6/4/23,2096,6.88
6/4/23,3824,7.63
6/4/23,3826,6.88
6/4/23,2098,6.24
6/4/23,3828,6.99
6/4/23,2104,5.94
6/5/23,9,12.28
6/5/23,6,3.5
6/5/23,11,4.24
6/5/23,8,5.99
6/5/23,9,5.24
6/5/23,81,5.94
6/5/23,104,5.99
6/5/23,204,5.84
6/5/23,108,5.99
6/5/23,214,5.19
6/5/23,258,6.69
6/5/23,134,7.59
6/5/23,135,3.5
6/5/23,138,3.5
6/5/23,174,17.69
6/5/23,345,3.54
6/5/23,180,5.99
6/5/23,210,7.39
6/5/23,242,3.54
6/5/23,473,4.69
6/5/23,475,6.99
6/5/23,518,33.88
6/5/23,529,3.5
6/5/23,593,5.79
6/5/23,338,7.63
6/5/23,658,6.88
6/5/23,668,6.99
6/5/23,787,6.99
6/5/23,837,7.04
6/5/23,443,6.39
6/5/23,865,3.5
6/5/23,449,6.88
6/5/23,463,7.99
6/5/23,467,14
6/5/23,967,6.24
6/5/23,499,20.39
6/5/23,533,4.84
6/5/23,1091,5.84
6/5/23,1097,6.24
6/5/23,431,6.84
6/5/23,1162,6.24
6/5/23,633,17.29
6/5/23,634,4.99
6/5/23,638,7.53
6/5/23,1239,3.54
6/5/23,1288,13.76
6/5/23,1290,5.24
6/5/23,674,6.49
6/5/23,1300,4.69
6/5/23,1302,6.89
6/5/23,1368,5.04
6/5/23,1374,6.59
6/5/23,745,7.63
6/5/23,748,3.5
6/5/23,1435,12.48
6/5/23,780,7.39
6/5/23,781,6.99
6/5/23,1494,3.5
6/5/23,1566,4.22
6/5/23,848,6.99
6/5/23,851,6.99
6/5/23,1621,4.49
6/5/23,860,5.79
6/5/23,1752,7.53
6/5/23,859,4.99
6/5/23,946,5.99
6/5/23,997,13.78
6/5/23,1933,8.99
6/5/23,2059,5.99
6/5/23,1093,5.29
6/5/23,2063,6.94
6/5/23,2119,6.89
6/5/23,1159,13.78
6/5/23,2186,7.63
6/5/23,2188,4.24
6/5/23,1163,7.99
6/5/23,1194,5.22
6/5/23,2251,4.74
6/5/23,2253,4.97
6/5/23,2255,6.09
6/5/23,2257,5.79
6/5/23,2318,18.24
6/5/23,1236,3.5
6/5/23,1239,5.99
6/5/23,2332,3.5
6/5/23,1250,7.63
6/5/23,1264,12.48
6/5/23,1292,3.5
6/5/23,2426,4.47
6/5/23,1296,5.79
6/5/23,1299,6.99
6/5/23,1305,5.94
6/5/23,2487,3.54
6/5/23,2489,5.99
6/5/23,1332,6.88
6/5/23,1351,6.88
6/5/23,1363,6.99
6/5/23,2611,18.79
6/5/23,1430,18.99
6/5/23,1454,4.29
6/5/23,2767,6.99
6/5/23,2775,17.29
6/5/23,2105,5.99
6/5/23,2816,7.99
6/5/23,1525,12.28
6/5/23,2880,5.59
6/5/23,1558,6.99
6/5/23,2888,7.63
6/5/23,1562,3.5
6/5/23,2954,7.89
6/5/23,1598,7.49
6/5/23,3007,5.22
6/5/23,1634,5.99
6/5/23,3071,4.99
6/5/23,1668,4.61
6/5/23,1669,5.64
6/5/23,1694,4.69
6/5/23,3123,7.59
6/5/23,1696,3.5
6/5/23,1699,6.99
6/5/23,1331,36.95
6/5/23,3238,3.5
6/5/23,1765,12.48
6/5/23,1772,6.24
6/5/23,3282,3.5
6/5/23,3302,9.98
6/5/23,1800,6.24
6/5/23,3361,4.29
6/5/23,1835,6.29
6/5/23,3411,6.89
6/5/23,1865,18.99
6/5/23,1866,5.19
6/5/23,1867,5.04
6/5/23,1869,5.22
6/5/23,1897,4.74
6/5/23,1898,7.99
6/5/23,3530,5.99
6/5/23,2680,6.99
6/5/23,1957,6.24
6/5/23,1976,6.99
6/5/23,1986,6.99
6/5/23,3635,19.09
6/5/23,2013,6.99
6/5/23,926,4.99
6/5/23,3683,7.83
6/5/23,2054,7.63
6/5/23,2055,7.63
6/5/23,3756,5.22
6/5/23,2058,4.47
6/5/23,2062,6.99
6/6/23,5,6.89
6/6/23,7,4.97
6/6/23,29,6.99
6/6/23,91,4.47
6/6/23,111,6.99
6/6/23,162,11.56
6/6/23,105,6.99
6/6/23,107,13.76
6/6/23,216,5.99
6/6/23,132,7
6/6/23,268,7.24
6/6/23,208,6.99
6/6/23,410,6.99
6/6/23,243,6.99
6/6/23,268,88.45
6/6/23,277,17.69
6/6/23,546,4.49
6/6/23,301,7.53
6/6/23,303,4.24
6/6/23,591,5.22
6/6/23,337,37.98
6/6/23,664,6.88
6/6/23,345,5.99
6/6/23,781,6.09
6/6/23,431,12.48
6/6/23,433,7.63
6/6/23,845,5.64
6/6/23,434,5.99
6/6/23,849,7.08
6/6/23,901,7
6/6/23,464,7.99
6/6/23,466,6.89
6/6/23,908,4.22
6/6/23,910,4.23
6/6/23,471,11.28
6/6/23,965,4.49
6/6/23,973,3.54
6/6/23,1037,7.63
6/6/23,563,7.63
6/6/23,1095,7.63
6/6/23,566,5.22
6/6/23,567,7.63
6/6/23,1158,6.54
6/6/23,1168,3.5
6/6/23,606,5.79
6/6/23,1226,15.99
6/6/23,1233,7.69
6/6/23,643,4.97
6/6/23,672,6.99
6/6/23,712,17.69
6/6/23,1376,6.99
6/6/23,716,7.63
6/6/23,1430,7.69
6/6/23,747,7.63
6/6/23,1490,6.54
6/6/23,852,6.99
6/6/23,1627,6.48
6/6/23,1629,3.5
6/6/23,1694,7.49
6/6/23,1750,3.5
6/6/23,925,6.89
6/6/23,1759,4.22
6/6/23,1761,7.63
6/6/23,945,3.5
6/6/23,971,6.99
6/6/23,973,4.97
6/6/23,1844,5.89
6/6/23,974,6.24
6/6/23,1846,12.38
6/6/23,26,3.5
6/6/23,1884,3.5
6/6/23,1000,7.63
6/6/23,1029,3.5
6/6/23,1939,17.69
6/6/23,1945,6.54
6/6/23,1066,3.5
6/6/23,1095,5.79
6/6/23,2067,6.99
6/6/23,1097,5.04
6/6/23,2073,7.63
6/6/23,2117,4.99
6/6/23,1162,8.48
6/6/23,1169,3.59
6/6/23,2211,5.34
6/6/23,1200,18.99
6/6/23,2322,6.88
6/6/23,1238,17.69
6/6/23,2330,8.28
6/6/23,2385,5.84
6/6/23,1454,13.88
6/6/23,288,5.99
6/6/23,1297,6.99
6/6/23,2431,6.59
6/6/23,1324,12.48
6/6/23,2479,5.34
6/6/23,1328,6.24
6/6/23,1330,3.43
6/6/23,2499,6.99
6/6/23,2554,4.22
6/6/23,1566,4.97
6/6/23,2178,4.99
6/6/23,2664,7.63
6/6/23,2667,6.89
6/6/23,1436,6.69
6/6/23,1453,3.5
6/6/23,1462,3.5
6/6/23,1366,9.98
6/6/23,1494,5.44
6/6/23,2814,7.53
6/6/23,1526,5.49
6/6/23,2831,6.39
6/6/23,2845,4.99
6/6/23,2884,7.49
6/6/23,1559,3.54
6/6/23,1560,3.5
6/6/23,1597,8.99
6/6/23,1632,3.5
6/6/23,3022,5.79
6/6/23,3074,6.65
6/6/23,3137,7.63
6/6/23,1733,5.79
6/6/23,1737,6.88
6/6/23,1764,5.44
6/6/23,1197,7.08
6/6/23,1767,6.24
6/6/23,1797,6.88
6/6/23,1799,6.99
6/6/23,3304,6.59
6/6/23,1806,6.99
6/6/23,74,7
6/6/23,1814,5.79
6/6/23,3364,5.29
6/6/23,3408,5.79
6/6/23,3413,18.99
6/6/23,3422,6.69
6/6/23,3473,2.84
6/6/23,3534,4.29
6/6/23,3583,3.5
6/6/23,1962,7.63
6/6/23,3680,5.79
6/6/23,2026,3.5
6/6/23,3752,6.99
6/6/23,3761,3.5
6/6/23,3818,17.69
6/7/23,42,4.69
6/7/23,85,7.63
6/7/23,46,4.99
6/7/23,47,4.24
6/7/23,97,7.63
6/7/23,78,6.88
6/7/23,154,8.44
6/7/23,156,5.99
6/7/23,158,7.63
6/7/23,81,6.88
6/7/23,160,6.88
6/7/23,264,12.48
6/7/23,137,51.87
6/7/23,140,7.63
6/7/23,273,4.99
6/7/23,141,13.63
6/7/23,342,7.63
6/7/23,211,6.99
6/7/23,244,5.44
6/7/23,477,4.24
6/7/23,270,12.48
6/7/23,307,5.29
6/7/23,310,5.29
6/7/23,371,5.24
6/7/23,372,7.63
6/7/23,723,9.48
6/7/23,399,6.48
6/7/23,400,3.99
6/7/23,857,4.99
6/7/23,468,5.04
6/7/23,475,4.99
6/7/23,503,6.88
6/7/23,1166,4.59
6/7/23,1231,6.89
6/7/23,641,6.99
6/7/23,1247,4.49
6/7/23,1298,9.68
6/7/23,676,5.22
6/7/23,677,4.97
6/7/23,1304,6.24
6/7/23,1306,17.69
6/7/23,1372,4.22
6/7/23,751,4.24
6/7/23,1439,4.24
6/7/23,758,4.19
6/7/23,1492,6.88
6/7/23,782,6.99
6/7/23,1496,5.99
6/7/23,823,8.09
6/7/23,1569,5.22
6/7/23,833,4.97
6/7/23,1623,6.39
6/7/23,1631,6.39
6/7/23,920,7.69
6/7/23,1004,6.88
6/7/23,1005,7.63
6/7/23,1031,4.99
6/7/23,1943,6.39
6/7/23,1032,6.29
6/7/23,1997,6.99
6/7/23,1062,6.99
6/7/23,2001,4.24
6/7/23,2003,14.48
6/7/23,1065,6.09
6/7/23,1068,5.34
6/7/23,2081,6.99
6/7/23,1123,5.79
6/7/23,1124,7.83
6/7/23,1125,7.34
6/7/23,1160,6.88
6/7/23,2184,5.79
6/7/23,2259,5.24
6/7/23,2261,4.99
6/7/23,1205,6.39
6/7/23,2324,6.99
6/7/23,1240,5.24
6/7/23,2334,6.99
6/7/23,1244,6.99
6/7/23,2370,5.99
6/7/23,1268,12.48
6/7/23,2380,4.99
6/7/23,2383,6.99
6/7/23,2491,6.99
6/7/23,1336,4.99
6/7/23,1360,6.99
6/7/23,1362,5.22
6/7/23,2561,6.39
6/7/23,1369,6.88
6/7/23,2660,5.04
6/7/23,1429,7.63
6/7/23,1496,7.83
6/7/23,2778,5.99
6/7/23,1499,4.99
6/7/23,2819,4.24
6/7/23,2823,6.99
6/7/23,2825,12.48
6/7/23,1524,6.88
6/7/23,2890,5.24
6/7/23,1571,6.09
6/7/23,1594,3.54
6/7/23,1595,4.24
6/7/23,1599,5.25
6/7/23,3017,5.89
6/7/23,1677,6.89
6/7/23,3133,6.89
6/7/23,3135,6.88
6/7/23,1703,7.63
6/7/23,3192,5.24
6/7/23,3240,14.48
6/7/23,1770,5.79
6/7/23,1771,6.88
6/7/23,1932,4.99
6/7/23,1801,7.63
6/7/23,3312,7.63
6/7/23,3359,6.09
6/7/23,1836,6.44
6/7/23,1837,6.69
6/7/23,1839,5.22
6/7/23,1870,6.88
6/7/23,3471,17.69
6/7/23,1925,6.99
6/7/23,3528,3.54
6/7/23,1929,4.24
6/7/23,1930,4.74
6/7/23,1958,5.85
6/7/23,405,7.99
6/7/23,3685,6.99
6/7/23,3687,5.24
6/7/23,2019,4.97
6/7/23,3692,4.99
6/7/23,2097,4.99
6/8/23,10,5.54
6/8/23,12,7.24
6/8/23,93,5.79
6/8/23,56,6.39
6/8/23,80,5.22
6/8/23,212,6.14
6/8/23,136,6.19
6/8/23,146,8.48
6/8/23,179,4.97
6/8/23,186,7.53
6/8/23,408,6.89
6/8/23,416,7.99
6/8/23,214,17.69
6/8/23,418,4.24
6/8/23,245,4.97
6/8/23,481,5.79
6/8/23,527,6.88
6/8/23,274,7.63
6/8/23,535,5.24
6/8/23,275,15.99
6/8/23,539,6.99
6/8/23,304,6.69
6/8/23,597,4.49
6/8/23,599,5.24
6/8/23,660,17.69
6/8/23,662,4.74
6/8/23,341,17.29
6/8/23,370,5.99
6/8/23,719,6.99
6/8/23,779,7.69
6/8/23,401,3.59
6/8/23,851,7.69
6/8/23,437,8.59
6/8/23,439,6.99
6/8/23,877,6.09
6/8/23,903,4.99
6/8/23,905,7.34
6/8/23,912,5.04
6/8/23,501,4.99
6/8/23,977,7.69
6/8/23,508,5.79
6/8/23,568,15.99
6/8/23,1059,15.99
6/8/23,1164,6.24
6/8/23,604,7.63
6/8/23,605,7.63
6/8/23,636,6.99
6/8/23,1228,15.99
6/8/23,639,5.04
6/8/23,675,5.99
6/8/23,678,6.89
6/8/23,687,4.47
6/8/23,1433,4.74
6/8/23,1456,5.79
6/8/23,783,5.94
6/8/23,815,7.63
6/8/23,1560,3.54
6/8/23,1564,12.48
6/8/23,1568,4.24
6/8/23,828,4.59
6/8/23,1625,17.69
6/8/23,1696,4.97
6/8/23,892,18.99
6/8/23,898,4.24
6/8/23,921,14.48
6/8/23,926,5.99
6/8/23,928,7.63
6/8/23,947,4.99
6/8/23,1798,7.69
6/8/23,1802,4.99
6/8/23,956,3.79
6/8/23,972,4.99
6/8/23,978,4.24
6/8/23,1859,6.89
6/8/23,1883,7.63
6/8/23,1886,6.99
6/8/23,1889,5.24
6/8/23,1006,6.99
6/8/23,1059,6.88
6/8/23,1096,6.99
6/8/23,2121,6.88
6/8/23,1127,7.49
6/8/23,1129,6.39
6/8/23,1168,6.99
6/8/23,2207,2.24
6/8/23,1197,12.48
6/8/23,1203,4.49
6/8/23,2271,4.98
6/8/23,1243,7.63
6/8/23,2376,5.04
6/8/23,1267,6.99
6/8/23,1271,5.34
6/8/23,1272,11.98
6/8/23,2493,8.28
6/8/23,1334,5.79
6/8/23,1401,6.99
6/8/23,1402,6.88
6/8/23,1404,23.45
6/8/23,1426,7.99
6/8/23,1431,6.88
6/8/23,1434,6.59
6/8/23,2671,6.94
6/8/23,1440,7.99
6/8/23,2719,18.99
6/8/23,2892,5.22
6/8/23,1564,7.89
6/8/23,1569,5.24
6/8/23,1572,6.88
6/8/23,1596,3.54
6/8/23,1600,4.99
6/8/23,1628,7.63
6/8/23,1633,7.63
6/8/23,1636,12.48
6/8/23,1638,8.28
6/8/23,3027,5.55
6/8/23,1697,7.99
6/8/23,1700,5.99
6/8/23,1645,5.99
6/8/23,3140,7.99
6/8/23,1734,5.04
6/8/23,1736,29.02
6/8/23,3198,8.69
6/8/23,1804,5.89
6/8/23,1899,5.99
6/8/23,2445,5.99
6/8/23,2040,7.24
6/8/23,3585,3.54
6/8/23,2020,6.49
6/8/23,2021,4.59
6/8/23,3699,7.99
6/8/23,3709,7.69
6/8/23,2059,6.88
6/8/23,2095,4.24
6/9/23,14,4.99
6/9/23,31,7.99
6/9/23,166,6.99
6/9/23,208,8.79
6/9/23,139,15.38
6/9/23,278,7.69
6/9/23,147,3.79
6/9/23,60,7.63
6/9/23,178,6.69
6/9/23,471,8.59
6/9/23,479,7.19
6/9/23,249,6.89
6/9/23,531,4.84
6/9/23,537,7.49
6/9/23,279,6.39
6/9/23,605,6.99
6/9/23,316,5.99
6/9/23,666,4.99
6/9/23,687,6.99
6/9/23,408,5.59
6/9/23,435,4.99
6/9/23,859,6.99
6/9/23,442,4.99
6/9/23,448,30.48
6/9/23,469,7.49
6/9/23,505,20.39
6/9/23,1039,8.99
6/9/23,538,6.99
6/9/23,540,4.99
6/9/23,1103,4.99
6/9/23,603,10.48
6/9/23,1146,9.94
6/9/23,1308,4.97
6/9/23,680,7.99
6/9/23,683,6.99
6/9/23,1316,6.69
6/9/23,1450,17.97
6/9/23,784,5.99
6/9/23,1504,6.19
6/9/23,818,8.48
6/9/23,1563,4.59
6/9/23,854,4.99
6/9/23,863,6.59
6/9/23,896,6.39
6/9/23,899,5.79
6/9/23,922,7.63
6/9/23,924,16.09
6/9/23,1796,7.69
6/9/23,955,4.29
6/9/23,1838,4.99
6/9/23,975,6.39
6/9/23,977,7.63
6/9/23,979,4.29
6/9/23,1001,8.28
6/9/23,1888,6.39
6/9/23,1894,6.99
6/9/23,1039,7.69
6/9/23,1060,7.63
6/9/23,1064,6.99
6/9/23,2024,5.99
6/9/23,1094,6.99
6/9/23,1098,5.59
6/9/23,2075,31.95
6/9/23,1126,7.39
6/9/23,2190,5.59
6/9/23,1164,5.99
6/9/23,2194,7.99
6/9/23,2205,8.09
6/9/23,1198,5.24
6/9/23,2264,2.99
6/9/23,2267,17.79
6/9/23,1206,7.63
6/9/23,2328,5.99
6/9/23,1241,5.99
6/9/23,2390,5.22
6/9/23,1278,17.69
6/9/23,1333,6.49
6/9/23,1397,5.99
6/9/23,1399,7.99
6/9/23,1400,7.63
6/9/23,2616,7.63
6/9/23,2619,7.63
6/9/23,1407,2.99
6/9/23,2627,7.63
6/9/23,2662,6.88
6/9/23,2732,4.99
6/9/23,1498,6.99
6/9/23,2785,13.98
6/9/23,2829,7.63
6/9/23,1530,7.69
6/9/23,2838,9.98
6/9/23,2842,7.63
6/9/23,2882,4.98
6/9/23,1561,4.19
6/9/23,1620,13.98
6/9/23,1570,5.99
6/9/23,1573,6.99
6/9/23,2950,4.97
6/9/23,1083,6.99
6/9/23,2957,17.29
6/9/23,1609,6.39
6/9/23,655,4.97
6/9/23,3024,5.99
6/9/23,1637,8.99
6/9/23,3026,6.99
6/9/23,1577,13.98
6/9/23,3037,6.99
6/9/23,3072,6.99
6/9/23,1673,5.22
6/9/23,3093,5.99
6/9/23,1698,12.12
6/9/23,1701,2.99
6/9/23,3187,5.99
6/9/23,3242,15.99
6/9/23,1768,5.99
6/9/23,3306,4.29
6/9/23,1809,6.99
6/9/23,1811,5.79
6/9/23,3409,6.39
6/9/23,1873,4.97
6/9/23,1280,5.99
6/9/23,3484,35.38
6/9/23,1904,5.49
6/9/23,1932,4.97
6/9/23,3549,16.49
6/9/23,1960,7.63
6/9/23,1961,6.88
6/9/23,1966,6.89
6/9/23,1990,15.99
6/9/23,3638,6.24
6/9/23,3697,5.22
6/9/23,2061,4.29
6/9/23,2066,6.88
6/9/23,2099,6.99
6/9/23,3830,8.28
6/9/23,2100,17.69
6/9/23,3202,6.89
6/10/23,18,6.99
6/10/23,39,6.99
6/10/23,89,4.69
6/10/23,48,7.69
6/10/23,99,4.97
6/10/23,53,7.63
6/10/23,164,8.99
6/10/23,85,4.99
6/10/23,86,6.39
6/10/23,112,13.98
6/10/23,266,5.99
6/10/23,271,8.29
6/10/23,212,6.99
6/10/23,215,6.99
6/10/23,246,4.99
6/10/23,533,6.19
6/10/23,116,4.97
6/10/23,278,3.33
6/10/23,552,8.28
6/10/23,305,4.29
6/10/23,595,7.63
6/10/23,342,17.79
6/10/23,673,7.63
6/10/23,675,11.58
6/10/23,685,6.99
6/10/23,725,8.28
6/10/23,727,4.29
6/10/23,737,3.59
6/10/23,402,7.63
6/10/23,789,5.22
6/10/23,406,5.99
6/10/23,441,6.59
6/10/23,474,6.99
6/10/23,975,8.29
6/10/23,504,5.99
6/10/23,979,18.99
6/10/23,506,6.89
6/10/23,535,20.99
6/10/23,1041,5.99
6/10/23,569,7.63
6/10/23,1229,5.22
6/10/23,1237,7.99
6/10/23,679,5.99
6/10/23,1310,12.18
6/10/23,903,4.99
6/10/23,682,5.84
6/10/23,714,5.89
6/10/23,750,4.29
6/10/23,1488,7.63
6/10/23,1498,8.09
6/10/23,1500,8.99
6/10/23,791,5.79
6/10/23,821,23.96
6/10/23,822,4.99
6/10/23,1701,5.99
6/10/23,1703,6.99
6/10/23,903,4.99
6/10/23,1754,3.99
6/10/23,929,4.99
6/10/23,1768,6.99
6/10/23,948,5.99
6/10/23,950,6.99
6/10/23,976,18.34
6/10/23,334,4.97
6/10/23,1002,7.63
6/10/23,1895,4.99
6/10/23,1035,4.49
6/10/23,1953,6.89
6/10/23,1964,5.99
6/10/23,1063,6.99
6/10/23,2005,4.69
6/10/23,2007,4.99
6/10/23,1101,6.99
6/10/23,2077,5.59
6/10/23,1102,6.99
6/10/23,1104,4.59
6/10/23,2192,6.99
6/10/23,450,15.26
6/10/23,1207,4.99
6/10/23,1211,7.63
6/10/23,1269,5.99
6/10/23,1301,5.22
6/10/23,2438,4.59
6/10/23,1335,7.63
6/10/23,1367,7.63
6/10/23,2609,4.99
6/10/23,1432,13.98
6/10/23,1433,5.99
6/10/23,2669,7.63
6/10/23,2673,8.99
6/10/23,2675,16.56
6/10/23,2716,6.99
6/10/23,2725,7.49
6/10/23,2731,5.99
6/10/23,1500,7.63
6/10/23,2788,7.99
6/10/23,2827,5.99
6/10/23,1527,19.64
6/10/23,1531,6.89
6/10/23,1563,51.57
6/10/23,2898,3.79
6/10/23,469,4.99
6/10/23,2904,7.63
6/10/23,2910,6.09
6/10/23,1578,4.29
6/10/23,1601,5.99
6/10/23,1603,5.99
6/10/23,2971,5.99
6/10/23,3019,5.92
6/10/23,3035,5.89
6/10/23,3076,7.63
6/10/23,1670,7.63
6/10/23,3080,7.63
6/10/23,1678,5.22
6/10/23,1704,6.99
6/10/23,1735,36.68
6/10/23,2163,7.63
6/10/23,3246,4.99
6/10/23,3250,4.99
6/10/23,3310,7.63
6/10/23,1805,3.33
6/10/23,1807,6.99
6/10/23,3322,4.97
6/10/23,3366,6.99
6/10/23,3368,8.28
6/10/23,3370,7.63
6/10/23,1872,6.39
6/10/23,3436,5.99
6/10/23,3478,6.99
6/10/23,3480,6.39
6/10/23,1915,13.78
6/10/23,1931,7.69
6/10/23,3540,5.99
6/10/23,3546,6.99
6/10/23,1959,5.99
6/10/23,3593,7.99
6/10/23,3631,6.69
6/10/23,3633,18.99
6/10/23,1988,6.39
6/10/23,1992,6.39
6/10/23,1993,6.99
6/10/23,2022,5.99
6/10/23,3695,6.99
6/10/23,3481,5.99
6/10/23,3764,5.22
6/10/23,3776,6.99
6/10/23,2101,4.69
6/10/23,2102,5.99
6/11/23,11,7.69
6/11/23,21,7.83
6/11/23,23,5.99
6/11/23,95,17.29
6/11/23,49,7.63
6/11/23,103,5.99
6/11/23,82,7.63
6/11/23,168,4.99
6/11/23,87,7.69
6/11/23,89,6.39
6/11/23,110,4.99
6/11/23,111,5.99
6/11/23,220,6.99
6/11/23,113,5.22
6/11/23,115,4.99
6/11/23,269,4.99
6/11/23,275,7.63
6/11/23,142,7.63
6/11/23,180,4.69
6/11/23,143,7.63
6/11/23,144,17.29
6/11/23,280,3.33
6/11/23,292,5.99
6/11/23,177,6.99
6/11/23,351,6.59
6/11/23,363,5.99
6/11/23,189,6.99
6/11/23,213,4.99
6/11/23,217,4.69
6/11/23,430,15.99
6/11/23,433,5.99
6/11/23,497,4.69
6/11/23,276,6.19
6/11/23,280,4.59
6/11/23,306,6.99
6/11/23,309,4.99
6/11/23,339,5.99
6/11/23,347,6.99
6/11/23,348,4.89
6/11/23,677,5.99
6/11/23,355,5.99
6/11/23,721,9.38
6/11/23,729,6.99
6/11/23,783,4.99
6/11/23,785,5.22
6/11/23,404,6.99
6/11/23,791,5.89
6/11/23,436,7.69
6/11/23,438,5.99
6/11/23,440,6.99
6/11/23,916,5.54
6/11/23,918,4.69
6/11/23,483,6.99
6/11/23,981,4.99
6/11/23,983,7.69
6/11/23,536,3.99
6/11/23,539,6.99
6/11/23,541,8.28
6/11/23,1107,7.63
6/11/23,1120,7.63
6/11/23,1172,6.39
6/11/23,610,18.99
6/11/23,640,7.69
6/11/23,642,7.98
6/11/23,1245,5.49
6/11/23,1378,6.99
6/11/23,717,7.99
6/11/23,718,15.34
6/11/23,721,7.63
6/11/23,723,4.99
6/11/23,1390,5.99
6/11/23,1397,8.09
6/11/23,1437,4.97
6/11/23,752,5.49
6/11/23,753,4.99
6/11/23,756,6.99
6/11/23,1448,6.09
6/11/23,1452,6.59
6/11/23,1502,6.89
6/11/23,787,4.59
6/11/23,1516,4.99
6/11/23,825,8.29
6/11/23,856,4.97
6/11/23,858,7.63
6/11/23,862,3.99
6/11/23,1699,7.63
6/11/23,897,6.59
6/11/23,1719,5.99
6/11/23,1765,7.63
6/11/23,1800,5.99
6/11/23,1804,5.34
6/11/23,953,3.79
6/11/23,1010,7.63
6/11/23,1030,4.99
6/11/23,1941,7.63
6/11/23,1947,5.79
6/11/23,1034,4.97
6/11/23,1040,5.99
6/11/23,2015,6.69
6/11/23,1073,4.59
6/11/23,2065,17.79
6/11/23,2071,6.65
6/11/23,1105,6.59
6/11/23,1161,13.98
6/11/23,1469,4.97
6/11/23,1130,8.19
6/11/23,2133,7.69
6/11/23,1135,3.33
6/11/23,2139,5.34
6/11/23,1165,7.63
6/11/23,2203,7.49
6/11/23,1202,4.59
6/11/23,2263,5.99
6/11/23,2274,8.59
6/11/23,2276,6.59
6/11/23,2388,6.59
6/11/23,1274,8.09
6/11/23,1277,8.28
6/11/23,1300,5.99
6/11/23,2436,6.39
6/11/23,1302,7.69
6/11/23,2495,7.63
6/11/23,2557,7.69
6/11/23,2559,4.97
6/11/23,1368,6.59
6/11/23,1373,6.19
6/11/23,1464,6.99
6/11/23,1466,5.79
6/11/23,2724,4.97
6/11/23,1470,4.69
6/11/23,1479,4.99
6/11/23,2783,4.99
6/11/23,1501,5.99
6/11/23,1503,6.99
6/11/23,1528,3.99
6/11/23,1533,5.99
6/11/23,2961,6.89
6/11/23,1602,3.99
6/11/23,1635,3.79
6/11/23,3083,6.69
6/11/23,1674,4.99
6/11/23,1705,4.19
6/11/23,3189,6.99
6/11/23,1738,6.99
6/11/23,3196,5.99
6/11/23,3201,4.99
6/11/23,3203,5.54
6/11/23,1803,7.69
6/11/23,3316,6.59
6/11/23,1810,7.63
6/11/23,1838,7.63
6/11/23,1905,5.59
6/11/23,3415,4.97
6/11/23,1868,7.29
6/11/23,3420,7.69
6/11/23,3424,4.99
6/11/23,3432,6.99
6/11/23,1900,4.99
6/11/23,1933,7.49
6/11/23,3544,6.99
6/11/23,3554,4.19
6/11/23,3582,7.63
6/11/23,3588,5.99
6/11/23,1991,6.39
6/11/23,1994,4.99
6/11/23,3648,3.99
6/11/23,3691,7.49
6/11/23,3758,4.99
6/11/23,2060,8.67
6/11/23,2063,7.69
6/11/23,3839,3.99
6/11/23,2107,6.99
6/11/23,2108,3.99
6/12/23,15,6.48
6/12/23,55,8.69
6/12/23,84,3.99
6/12/23,172,6.99
6/12/23,174,6.99
6/12/23,114,5.99
6/12/23,284,6.89
6/12/23,286,8.29
6/12/23,347,4.69
6/12/23,183,5.22
6/12/23,361,7.63
6/12/23,216,4.99
6/12/23,422,6.39
6/12/23,220,6.69
6/12/23,254,18.99
6/12/23,601,6.99
6/12/23,312,4.99
6/12/23,343,6.09
6/12/23,344,19.09
6/12/23,671,17.79
6/12/23,679,4.89
6/12/23,378,6.59
6/12/23,412,6.09
6/12/23,861,7.63
6/12/23,446,6.99
6/12/23,914,4.99
6/12/23,502,4.99
6/12/23,507,6.99
6/12/23,1003,6.09
6/12/23,1105,7.63
6/12/23,1170,7.63
6/12/23,1181,4.99
6/12/23,644,6.99
6/12/23,715,2.99
6/12/23,719,7.63
6/12/23,754,6.69
6/12/23,1591,4.59
6/12/23,1635,7.63
6/12/23,891,7.99
6/12/23,927,6.39
6/12/23,523,33.88
6/12/23,903,4.99
6/12/23,1853,5.99
6/12/23,1008,5.54
6/12/23,1033,7.69
6/12/23,1958,5.99
6/12/23,2020,5.22
6/12/23,2061,16.58
6/12/23,2069,5.59
6/12/23,1099,6.99
6/12/23,1514,7.63
6/12/23,1511,7.63
6/12/23,2125,5.79
6/12/23,1146,4.61
6/12/23,1167,13.98
6/12/23,1201,6.49
6/12/23,1760,5.99
6/12/23,1220,9.98
6/12/23,2326,2.99
6/12/23,1242,5.22
6/12/23,1248,6.99
6/12/23,2349,6.99
6/12/23,2391,7.63
6/12/23,1298,6.99
6/12/23,302,7.69
6/12/23,206,7.69
6/12/23,1306,7.49
6/12/23,2497,5.79
6/12/23,1340,4.99
6/12/23,1370,7.99
6/12/23,2618,2.99
6/12/23,1403,5.79
6/12/23,2636,7.63
6/12/23,2629,4.97
6/12/23,1463,3.99
6/12/23,1475,6.39
6/12/23,1534,4.59
6/12/23,2847,4.99
6/12/23,2894,3.99
6/12/23,2895,15.26
6/12/23,1565,15.38
6/12/23,2417,9.78
6/12/23,1576,7.49
6/12/23,3039,5.79
6/12/23,3089,7.63
6/12/23,1680,7.49
6/12/23,1707,5.79
6/12/23,1777,6.39
6/12/23,3314,7.63
6/12/23,1840,7.63
6/12/23,3428,7.63
6/12/23,3440,7.63
6/12/23,2261,4.99
6/12/23,3482,4.99
6/12/23,1908,7.63
6/12/23,1936,6.39
6/12/23,3547,6.99
6/12/23,1997,4.39
6/12/23,2025,4.97
6/12/23,3701,7.63
6/12/23,3711,4.99
6/12/23,3772,4.99
6/12/23,3774,7.69
6/13/23,13,2.99
6/13/23,27,6.99
6/13/23,16,8.99
6/13/23,41,5.22
6/13/23,22,5.99
6/13/23,83,7.69
6/13/23,170,5.22
6/13/23,120,17.69
6/13/23,288,5.99
6/13/23,149,4.99
6/13/23,349,19.09
6/13/23,182,4.99
6/13/23,357,7.69
6/13/23,365,4.19
6/13/23,371,7.49
6/13/23,194,5.99
6/13/23,195,7.49
6/13/23,412,5.79
6/13/23,414,5.54
6/13/23,229,6.99
6/13/23,485,3.99
6/13/23,251,4.97
6/13/23,255,4.89
6/13/23,542,4.99
6/13/23,568,3.99
6/13/23,617,6.99
6/13/23,621,4.99
6/13/23,346,5.99
6/13/23,351,5.79
6/13/23,374,7.69
6/13/23,375,7.99
6/13/23,853,6.99
6/13/23,855,6.59
6/13/23,445,6.59
6/13/23,451,6.99
6/13/23,452,33.88
6/13/23,993,7.63
6/13/23,537,12.78
6/13/23,1049,15.99
6/13/23,542,7.63
6/13/23,571,5.99
6/13/23,1109,6.89
6/13/23,1111,7.69
6/13/23,580,15.99
6/13/23,607,7.49
6/13/23,1179,7.63
6/13/23,613,6.89
6/13/23,1185,4.99
6/13/23,645,10
6/13/23,1315,4.99
6/13/23,1380,7.69
6/13/23,760,5.99
6/13/23,785,5.99
6/13/23,824,4.19
6/13/23,855,18.99
6/13/23,1633,7.29
6/13/23,1709,17.69
6/13/23,283,9.98
6/13/23,1764,36.68
6/13/23,930,6.99
6/13/23,1767,6.99
6/13/23,933,4.99
6/13/23,1003,6.49
6/13/23,1949,35.58
6/13/23,1036,7.63
6/13/23,1955,8.29
6/13/23,1960,7.63
6/13/23,2022,4.59
6/13/23,2126,7.99
6/13/23,2128,5.99
6/13/23,1131,4.99
6/13/23,1166,4.99
6/13/23,2202,4.99
6/13/23,1246,4.89
6/13/23,1247,5.99
6/13/23,2351,5.22
6/13/23,1273,7.63
6/13/23,1308,6.99
6/13/23,2503,5.22
6/13/23,2721,30.76
6/13/23,2734,5.22
6/13/23,2628,6.99
6/13/23,1540,8.28
6/13/23,1567,4.59
6/13/23,1568,6.99
6/13/23,2915,4.99
6/13/23,2967,5.54
6/13/23,1606,6.99
6/13/23,2969,5.22
6/13/23,360,7.69
6/13/23,534,7.63
6/13/23,1742,8.99
6/13/23,3207,6.99
6/13/23,1746,5.99
6/13/23,523,17.69
6/13/23,3372,5.99
6/13/23,1845,7.63
6/13/23,3430,4.97
6/13/23,1901,5.99
6/13/23,3542,11.18
6/13/23,3556,17.69
6/13/23,1989,3.79
6/13/23,3693,7.69
6/13/23,2023,5.99
6/13/23,2028,5.54
6/13/23,2030,5.99
6/13/23,3778,7.34
6/13/23,2081,102.24
6/13/23,2106,17.69
6/13/23,3841,5.79
6/13/23,2109,6.99
6/13/23,3847,6.99
6/13/23,3853,6.99
6/13/23,3856,6.99
6/14/23,17,5.99
6/14/23,23,5.49
6/14/23,53,4.99
6/14/23,50,3.33
6/14/23,57,3.5
6/14/23,58,4.5
6/14/23,115,6.99
6/14/23,59,4.97
6/14/23,109,4.99
6/14/23,145,6.99
6/14/23,282,3.99
6/14/23,181,6.99
6/14/23,184,3.5
6/14/23,188,6.99
6/14/23,224,4.5
6/14/23,247,6.99
6/14/23,248,6.53
6/14/23,487,14.97
6/14/23,281,7.63
6/14/23,548,6.99
6/14/23,283,4.97
6/14/23,556,7.63
6/14/23,286,6.99
6/14/23,611,3.5
6/14/23,681,4.99
6/14/23,683,4.69
6/14/23,354,6.99
6/14/23,691,4.99
6/14/23,863,7.63
6/14/23,985,7.63
6/14/23,511,4.97
6/14/23,995,7.69
6/14/23,997,4.59
6/14/23,1043,3.5
6/14/23,1051,7.39
6/14/23,1053,6.99
6/14/23,574,6.99
6/14/23,1124,4.99
6/14/23,608,4.99
6/14/23,609,5.22
6/14/23,1174,7.63
6/14/23,1183,3.99
6/14/23,1243,7.63
6/14/23,681,7.99
6/14/23,685,11.98
6/14/23,690,6.99
6/14/23,1382,5.49
6/14/23,722,7.69
6/14/23,732,3.5
6/14/23,1441,7.63
6/14/23,755,6.99
6/14/23,1447,4.79
6/14/23,763,15.26
6/14/23,1571,4.99
6/14/23,1585,17.69
6/14/23,1587,4.59
6/14/23,865,7.69
6/14/23,1657,11.98
6/14/23,1712,3.5
6/14/23,932,6.39
6/14/23,951,6.29
6/14/23,1851,20.39
6/14/23,1011,6.89
6/14/23,1037,4.89
6/14/23,1100,8.99
6/14/23,2083,3.5
6/14/23,1132,19.09
6/14/23,1149,7.63
6/14/23,2196,13.98
6/14/23,2198,7.63
6/14/23,2200,4.97
6/14/23,1170,4.99
6/14/23,2282,6.99
6/14/23,1249,4.97
6/14/23,1252,15.26
6/14/23,2434,7.69
6/14/23,1304,6.99
6/14/23,1338,7.69
6/14/23,2511,7.63
6/14/23,1342,7.63
6/14/23,2513,4.99
6/14/23,1366,17.69
6/14/23,2677,3.5
6/14/23,1438,7.63
6/14/23,1441,3.5
6/14/23,1442,4.99
6/14/23,1471,5.99
6/14/23,1473,4.99
6/14/23,1476,7.69
6/14/23,1504,5.99
6/14/23,2836,7.69
6/14/23,1532,6.99
6/14/23,2499,4.99
6/14/23,458,3.5
6/14/23,1639,5.99
6/14/23,1671,7.69
6/14/23,1672,7.29
6/14/23,3082,5.59
6/14/23,3085,6.99
6/14/23,3142,5.59
6/14/23,1718,5.22
6/14/23,3166,4.99
6/14/23,1769,4.89
6/14/23,3253,6.99
6/14/23,3257,5.54
6/14/23,1816,5.99
6/14/23,1841,5.99
6/14/23,3375,17.69
6/14/23,1871,5.49
6/14/23,1875,82.46
6/14/23,1876,3.5
6/14/23,1879,7.69
6/14/23,3486,4.99
6/14/23,3538,7.39
6/14/23,1935,4.99
6/14/23,3560,7.63
6/14/23,3640,4.37
6/14/23,3137,7.63
6/14/23,3645,7.99
6/14/23,2002,7.63
6/14/23,582,5.49
6/14/23,2065,7.63
6/14/23,2067,6.09
6/14/23,3835,7.69
6/14/23,2103,5.99
6/15/23,21,7.63
6/15/23,52,3.5
6/15/23,107,5.49
6/15/23,188,7.63
6/15/23,226,3.99
6/15/23,118,30.76
6/15/23,148,4.99
6/15/23,151,6.89
6/15/23,298,3.5
6/15/23,300,6.49
6/15/23,367,8.29
6/15/23,382,5.49
6/15/23,420,6.09
6/15/23,428,7.99
6/15/23,221,3.5
6/15/23,435,7
6/15/23,437,17.98
6/15/23,489,8.28
6/15/23,491,5.49
6/15/23,258,7.63
6/15/23,509,36.48
6/15/23,609,7.63
6/15/23,313,15.99
6/15/23,317,17.04
6/15/23,357,6.99
6/15/23,731,3.5
6/15/23,733,7.69
6/15/23,380,18.99
6/15/23,384,3.99
6/15/23,403,4.99
6/15/23,410,7.63
6/15/23,444,9.98
6/15/23,866,7.63
6/15/23,868,7.63
6/15/23,873,4.99
6/15/23,473,17.29
6/15/23,924,6.99
6/15/23,510,6.39
6/15/23,1059,15.99
6/15/23,1099,4.99
6/15/23,1113,6.99
6/15/23,576,7.63
6/15/23,614,4.37
6/15/23,648,7
6/15/23,1250,5.99
6/15/23,684,9.98
6/15/23,686,7
6/15/23,692,153.8
6/15/23,1340,6.19
6/15/23,697,6.99
6/15/23,554,7.63
6/15/23,1443,5.99
6/15/23,1445,15.99
6/15/23,789,6.89
6/15/23,1510,4.79
6/15/23,1085,4.99
6/15/23,1524,4.89
6/15/23,1325,7.63
6/15/23,1576,3.5
6/15/23,1498,8.09
6/15/23,1707,6.29
6/15/23,1714,17.29
6/15/23,904,4.99
6/15/23,931,3.99
6/15/23,952,3.5
6/15/23,980,7.39
6/15/23,987,4.97
6/15/23,1899,3.5
6/15/23,1951,4.99
6/15/23,1038,6.99
6/15/23,1041,4.99
6/15/23,1974,4.99
6/15/23,1070,4.97
6/15/23,2017,6.99
6/15/23,1071,4.99
6/15/23,1081,6.99
6/15/23,2131,6.99
6/15/23,1141,5.49
6/15/23,1172,6.99
6/15/23,1204,7.83
6/15/23,1209,7.63
6/15/23,1210,7.69
6/15/23,2279,7.49
6/15/23,2336,9.49
6/15/23,2353,5.79
6/15/23,1276,4.97
6/15/23,2395,5.54
6/15/23,1282,5.22
6/15/23,1337,7.63
6/15/23,1339,7.63
6/15/23,2509,3.33
6/15/23,1343,5.99
6/15/23,1349,17.69
6/15/23,2532,7.63
6/15/23,2563,4.99
6/15/23,1985,7.63
6/15/23,326,4.99
6/15/23,1372,5.49
6/15/23,1083,6.99
6/15/23,1405,8.29
6/15/23,2679,4.97
6/15/23,1439,18.99
6/15/23,2681,6.49
6/15/23,2683,4.99
6/15/23,1467,4.99
6/15/23,1469,5.49
6/15/23,2790,5.39
6/15/23,2797,6.99
6/15/23,1548,3.5
6/15/23,2902,6.99
6/15/23,2906,6.99
6/15/23,2908,6.99
6/15/23,1577,7.63
6/15/23,3028,4.99
6/15/23,703,4.89
6/15/23,1644,7.39
6/15/23,3078,4.97
6/15/23,1676,7.63
6/15/23,3087,4.5
6/15/23,1706,3.33
6/15/23,1709,4.59
6/15/23,1740,4.99
6/15/23,1741,5.5
6/15/23,3199,4.99
6/15/23,3205,7.63
6/15/23,1774,7.79
6/15/23,3378,5.59
6/15/23,1874,7.99
6/15/23,1877,5.49
6/15/23,3438,6.19
6/15/23,3447,5.29
6/15/23,1887,5.79
6/15/23,3488,5.99
6/15/23,1937,7.98
6/15/23,3215,6.59
6/15/23,3592,7.69
6/15/23,1969,4.99
6/15/23,3650,7.83
6/15/23,2024,5.99
6/15/23,3768,7.63
6/15/23,1580,5.49
6/15/23,2078,5.54
6/15/23,3833,6.99
6/15/23,2110,4.5
6/15/23,3851,7.69
6/15/23,2114,7.63
6/15/23,2115,4.19
6/16/23,19,3.99
6/16/23,105,7.39
6/16/23,65,4.99
6/16/23,88,6.99
6/16/23,176,4.89
6/16/23,91,3.5
6/16/23,192,5.22
6/16/23,222,3.5
6/16/23,121,7.79
6/16/23,290,19.09
6/16/23,294,4.97
6/16/23,152,4.97
6/16/23,154,9.98
6/16/23,353,7.63
6/16/23,355,7.69
6/16/23,359,7.69
6/16/23,193,5.99
6/16/23,424,7.63
6/16/23,219,3.5
6/16/23,445,6.09
6/16/23,447,6.09
6/16/23,544,3.5
6/16/23,293,7.63
6/16/23,294,3.99
6/16/23,308,6.49
6/16/23,311,7.63
6/16/23,607,8.39
6/16/23,377,4.37
6/16/23,379,4.99
6/16/23,741,3.5
6/16/23,405,15.99
6/16/23,407,7.69
6/16/23,795,3.99
6/16/23,413,20.39
6/16/23,876,4.99
6/16/23,453,4.99
6/16/23,885,7.83
6/16/23,509,16.09
6/16/23,989,4.49
6/16/23,1047,5.49
6/16/23,544,6.99
6/16/23,547,5.54
6/16/23,1115,7.79
6/16/23,611,5.54
6/16/23,1197,7.83
6/16/23,1235,7.69
6/16/23,152,6.99
6/16/23,1388,4.99
6/16/23,786,6.99
6/16/23,790,15.26
6/16/23,893,6.39
6/16/23,1513,3.5
6/16/23,1518,5.49
6/16/23,450,7.63
6/16/23,827,3.5
6/16/23,1578,5.49
6/16/23,830,6.99
6/16/23,1595,3.5
6/16/23,1638,4.97
6/16/23,861,6.99
6/16/23,1641,5.49
6/16/23,1651,6.09
6/16/23,895,5.99
6/16/23,902,30.48
6/16/23,908,8.28
6/16/23,934,6.99
6/16/23,1774,5.99
6/16/23,936,8.09
6/16/23,954,7.63
6/16/23,1808,5.49
6/16/23,963,6.39
6/16/23,1866,6.99
6/16/23,988,7.63
6/16/23,1009,6.89
6/16/23,1016,5.99
6/16/23,1969,4.97
6/16/23,1970,6.89
6/16/23,1074,4.49
6/16/23,2033,7.99
6/16/23,1103,32.98
6/16/23,1171,9.98
6/16/23,1173,5.99
6/16/23,1174,4.99
6/16/23,2226,4.89
6/16/23,1213,15.99
6/16/23,2281,6.99
6/16/23,2287,5.99
6/16/23,1245,3.99
6/16/23,2340,19.09
6/16/23,2346,5.49
6/16/23,1253,4.99
6/16/23,2441,7.63
6/16/23,1309,4.99
6/16/23,1311,5.99
6/16/23,2454,8.28
6/16/23,2505,4.99
6/16/23,2507,15.99
6/16/23,2515,7.63
6/16/23,1352,4.61
6/16/23,1374,6.09
6/16/23,1376,4.37
6/16/23,1406,7.29
6/16/23,1468,7.69
6/16/23,2727,7.63
6/16/23,1502,7.69
6/16/23,1284,7.63
6/16/23,1537,15.98
6/16/23,615,4.99
6/16/23,1566,7.63
6/16/23,2912,7.63
6/16/23,1575,4.99
6/16/23,1579,6.59
6/16/23,1580,7.63
6/16/23,2964,17.69
6/16/23,3146,7.63
6/16/23,1712,7.63
6/16/23,3252,3.5
6/16/23,3255,5.34
6/16/23,1775,7.63
6/16/23,1808,6.99
6/16/23,3320,4.5
6/16/23,2731,5.59
6/16/23,1812,35.58
6/16/23,1813,7.69
6/16/23,851,7.69
6/16/23,3332,6.99
6/16/23,1843,3.5
6/16/23,3377,4.97
6/16/23,3494,20.97
6/16/23,1934,7.69
6/16/23,1949,3.5
6/16/23,3590,4.99
6/16/23,1965,3.5
6/16/23,3651,5.49
6/16/23,2027,6.99
6/16/23,2837,7.69
6/16/23,2105,5.22
6/16/23,3866,6.99
6/17/23,33,7.63
6/17/23,35,7.39
6/17/23,57,6.99
6/17/23,30,4.97
6/17/23,33,4.99
6/17/23,51,6.99
6/17/23,101,6.99
6/17/23,54,7.63
6/17/23,119,5.79
6/17/23,90,7.69
6/17/23,178,7.63
6/17/23,116,6.99
6/17/23,150,7.63
6/17/23,155,8.29
6/17/23,310,3.5
6/17/23,483,4.79
6/17/23,259,7.63
6/17/23,288,19.09
6/17/23,603,7.63
6/17/23,352,5.49
6/17/23,696,4.97
6/17/23,376,6.99
6/17/23,797,7.63
6/17/23,801,4.99
6/17/23,807,6.89
6/17/23,821,4.99
6/17/23,447,3.99
6/17/23,920,7.63
6/17/23,1045,3.99
6/17/23,577,5.99
6/17/23,1131,6.99
6/17/23,588,5.99
6/17/23,615,5.49
6/17/23,1191,7.99
6/17/23,1241,4.99
6/17/23,1322,4.5
6/17/23,693,4.79
6/17/23,696,5.22
6/17/23,1384,7.63
6/17/23,770,7.63
6/17/23,1506,7.63
6/17/23,795,18.99
6/17/23,796,5.49
6/17/23,1540,4.79
6/17/23,1581,4.5
6/17/23,894,4.99
6/17/23,1705,7.69
6/17/23,1770,8.09
6/17/23,1814,5.54
6/17/23,1816,4.37
6/17/23,961,5.22
6/17/23,1857,6.99
6/17/23,982,3.5
6/17/23,983,7.63
6/17/23,1861,17.79
6/17/23,1868,7.63
6/17/23,1007,9.58
6/17/23,1012,6.99
6/17/23,1908,7.69
6/17/23,1917,4.99
6/17/23,1962,8.29
6/17/23,1966,7.63
6/17/23,2009,5.22
6/17/23,2013,7.69
6/17/23,1075,3.5
6/17/23,1083,9.98
6/17/23,1110,4.99
6/17/23,1128,7.99
6/17/23,2129,6.39
6/17/23,2222,7.63
6/17/23,1182,6.99
6/17/23,175,6.39
6/17/23,2285,5.99
6/17/23,1275,7.63
6/17/23,2393,6.99
6/17/23,2397,4.37
6/17/23,1303,6.49
6/17/23,2447,3.5
6/17/23,2470,7.69
6/17/23,194,4.79
6/17/23,1274,7.69
6/17/23,1465,6.99
6/17/23,2729,4.99
6/17/23,2743,20.99
6/17/23,2749,7.63
6/17/23,1506,4.99
6/17/23,2795,5.39
6/17/23,2850,7.63
6/17/23,2300,17.69
6/17/23,2917,19.09
6/17/23,2919,3.5
6/17/23,1587,4.5
6/17/23,1605,6.99
6/17/23,1608,4.89
6/17/23,2979,7.69
6/17/23,3156,4.99
6/17/23,3195,18.99
6/17/23,1739,4.97
6/17/23,1744,4.99
6/17/23,3209,7.63
6/17/23,3210,7.69
6/17/23,1753,6.99
6/17/23,3225,7.63
6/17/23,3248,24.68
6/17/23,1776,7.69
6/17/23,3265,4.99
6/17/23,3318,6.99
6/17/23,1815,6.99
6/17/23,3335,7.63
6/17/23,1844,4.97
6/17/23,1856,7.69
6/17/23,3426,36.48
6/17/23,1878,3.5
6/17/23,1902,11.98
6/17/23,1903,5.79
6/17/23,1909,3.5
6/17/23,1911,7.63
6/17/23,3603,18.99
6/17/23,3647,6.99
6/17/23,1996,6.89
6/17/23,1998,3.5
6/17/23,3707,7.83
6/17/23,2031,6.99
6/17/23,2032,7.63
6/17/23,2035,4.99
6/17/23,2064,69.26
6/17/23,2071,5.59
6/17/23,2073,5.79
6/17/23,3843,6.69
6/18/23,29,6.89
6/18/23,109,7.69
6/18/23,117,5.99
6/18/23,218,17.79
6/18/23,224,4.99
6/18/23,296,6.99
6/18/23,163,7.63
6/18/23,369,8.09
6/18/23,190,7.63
6/18/23,373,6.99
6/18/23,192,7
6/18/23,200,4.99
6/18/23,222,7.69
6/18/23,493,6.99
6/18/23,284,6.99
6/18/23,285,6.99
6/18/23,619,4.99
6/18/23,623,5.49
6/18/23,350,19.09
6/18/23,359,7.63
6/18/23,382,13.78
6/18/23,799,4.99
6/18/23,411,8.39
6/18/23,419,7.69
6/18/23,987,8.28
6/18/23,999,7.63
6/18/23,1063,6.99
6/18/23,573,6.99
6/18/23,139,5.79
6/18/23,582,7.63
6/18/23,583,4.99
6/18/23,593,4.97
6/18/23,1176,6.99
6/18/23,1178,4.97
6/18/23,612,7.63
6/18/23,617,7.69
6/18/23,1253,7.63
6/18/23,1266,5.79
6/18/23,1313,7.63
6/18/23,688,7.63
6/18/23,691,7.69
6/18/23,1330,6.09
6/18/23,720,4.99
6/18/23,1386,6.99
6/18/23,731,4.99
6/18/23,735,7.63
6/18/23,759,7.63
6/18/23,762,7.63
6/18/23,1458,6.09
6/18/23,767,4.97
6/18/23,1508,6.99
6/18/23,1520,7.63
6/18/23,797,6.89
6/18/23,799,7.69
6/18/23,1527,7.63
6/18/23,1574,3.5
6/18/23,829,12.18
6/18/23,832,4.5
6/18/23,841,3.5
6/18/23,1639,3.5
6/18/23,900,4.99
6/18/23,1723,5.99
6/18/23,937,7.69
6/18/23,1783,4.99
6/18/23,1820,7.63
6/18/23,1550,4.5
6/18/23,1855,4.99
6/18/23,981,6.99
6/18/23,992,5.99
6/18/23,1891,4.61
6/18/23,1897,6.99
6/18/23,1901,7.63
6/18/23,1043,16.58
6/18/23,1967,7.63
6/18/23,1052,6.99
6/18/23,1067,5.49
6/18/23,2031,5.49
6/18/23,1106,4.99
6/18/23,1107,6.09
6/18/23,2087,17.29
6/18/23,1133,6.99
6/18/23,1134,5.99
6/18/23,2135,8.28
6/18/23,1137,5.99
6/18/23,1140,4.89
6/18/23,1142,10.44
6/18/23,2209,4.99
6/18/23,1208,7.79
6/18/23,1212,5.79
6/18/23,1215,6.99
6/18/23,2295,3.5
6/18/23,1228,5.69
6/18/23,2338,5.79
6/18/23,2342,7.19
6/18/23,1251,7.83
6/18/23,1279,5.99
6/18/23,1280,5.49
6/18/23,2413,7.63
6/18/23,2445,5.99
6/18/23,1307,3.5
6/18/23,1310,4.97
6/18/23,1341,6.99
6/18/23,1355,4.99
6/18/23,1371,6.99
6/18/23,2624,7.63
6/18/23,1408,6.39
6/18/23,1410,6.99
6/18/23,2632,6.89
6/18/23,2640,3.5
6/18/23,2684,5.39
6/18/23,2746,8.29
6/18/23,2786,4.37
6/18/23,2791,5.49
6/18/23,2840,5.49
6/18/23,1535,8.29
6/18/23,1536,4.97
6/18/23,1610,8.99
6/18/23,2981,6.99
6/18/23,1641,6.39
6/18/23,1642,8.09
6/18/23,1645,4.89
6/18/23,825,7.63
6/18/23,1651,4.99
6/18/23,1652,4.99
6/18/23,3050,4.99
6/18/23,3144,7.89
6/18/23,1708,5.99
6/18/23,3149,6.89
6/18/23,3154,4.79
6/18/23,1745,6.99
6/18/23,1750,5.75
6/18/23,1773,4.99
6/18/23,3269,7.63
6/18/23,3334,4.99
6/18/23,1821,4.79
6/18/23,1823,5.49
6/18/23,1842,3.99
6/18/23,3380,6.99
6/18/23,3384,4.5
6/18/23,1918,7.63
6/18/23,1940,7.63
6/18/23,1941,4.99
6/18/23,1942,4.99
6/18/23,1963,3.5
6/18/23,3601,4.97
6/18/23,1974,5.49
6/18/23,3654,6.99
6/18/23,2033,4.89
6/18/23,2034,7.63
6/18/23,1245,5.49
6/18/23,3769,6.09
6/18/23,3779,5.22
6/18/23,570,4.99
6/18/23,3784,5.59
6/18/23,3836,5.99
6/18/23,3845,5.79
6/18/23,3849,6.99
6/18/23,3862,7.69
6/18/23,2118,7.63
6/19/23,43,6.99
6/19/23,28,5.49
6/19/23,39,5.99
6/19/23,121,7.63
6/19/23,314,4.99
6/19/23,218,3.99
6/19/23,432,3.99
6/19/23,453,3.5
6/19/23,252,15.26
6/19/23,495,5.79
6/19/23,503,4.99
6/19/23,292,7.69
6/19/23,415,9.98
6/19/23,431,3.99
6/19/23,735,7.63
6/19/23,739,7.63
6/19/23,745,5.99
6/19/23,793,4.99
6/19/23,409,6.99
6/19/23,815,7.79
6/19/23,875,4.99
6/19/23,450,7.59
6/19/23,881,7.63
6/19/23,926,4.99
6/19/23,937,5.49
6/19/23,1013,5.99
6/19/23,543,4.5
6/19/23,575,7.99
6/19/23,1136,5.49
6/19/23,616,4.89
6/19/23,647,4.99
6/19/23,654,15.38
6/19/23,1318,6.99
6/19/23,413,4.99
6/19/23,757,7.63
6/19/23,761,7.63
6/19/23,450,7.63
6/19/23,1461,7.63
6/19/23,1465,7.63
6/19/23,1547,3.99
6/19/23,826,74.86
6/19/23,839,6.99
6/19/23,1601,4.99
6/19/23,1647,3.99
6/19/23,874,18.99
6/19/23,901,3.5
6/19/23,1715,4.99
6/19/23,1729,6.89
6/19/23,940,7.63
6/19/23,957,7.63
6/19/23,959,3.5
6/19/23,984,18.99
6/19/23,1863,6.39
6/19/23,41,5.22
6/19/23,1045,3.5
6/19/23,1108,5.34
6/19/23,2091,7.34
6/19/23,2094,7.49
6/19/23,2145,7.63
6/19/23,1175,6.29
6/19/23,1178,5.99
6/19/23,1179,6.99
6/19/23,2221,4.99
6/19/23,2224,5.79
6/19/23,1214,4.99
6/19/23,1217,15.38
6/19/23,2289,5.22
6/19/23,1221,5.99
6/19/23,303,7.63
6/19/23,2344,5.49
6/19/23,110,4.5
6/19/23,2355,6.99
6/19/23,2358,5.39
6/19/23,2409,6.29
6/19/23,1351,7.69
6/19/23,2531,4.5
6/19/23,2572,5.79
6/19/23,2573,4.99
6/19/23,1485,7.49
6/19/23,2793,18.99
6/19/23,1509,7.63
6/19/23,2805,7.63
6/19/23,2854,4.97
6/19/23,1574,7.63
6/19/23,2932,7.63
6/19/23,1604,5.99
6/19/23,2965,5.79
6/19/23,1607,7.69
6/19/23,1675,7.69
6/19/23,1681,8.5
6/19/23,3097,6.09
6/19/23,3072,4.99
6/19/23,1724,5.79
6/19/23,3221,6.99
6/19/23,1783,4.99
6/19/23,3330,7.63
6/19/23,1846,4.99
6/19/23,1849,7.69
6/19/23,3394,4.99
6/19/23,3399,5.99
6/19/23,3442,15.99
6/19/23,3452,6.89
6/19/23,3492,4.99
6/19/23,3496,4.5
6/19/23,1910,7.63
6/19/23,1913,6.99
6/19/23,1917,7.63
6/19/23,1951,4.99
6/19/23,546,4.89
6/19/23,3669,6.99
6/19/23,3703,7.63
6/19/23,3705,6.99
6/19/23,3718,5.49
6/19/23,3766,7.49
6/19/23,2068,6.99
6/19/23,2111,4.79
6/19/23,2112,3.5
6/19/23,2116,7.63
6/19/23,2117,7.63
6/19/23,2120,7.59
6/19/23,2123,3.5
6/20/23,25,5.49
6/20/23,113,5.59
6/20/23,133,6.99
6/20/23,153,18.39
6/20/23,374,5.49
6/20/23,198,7.63
6/20/23,223,5.49
6/20/23,439,13.98
6/20/23,256,4.99
6/20/23,262,5.49
6/20/23,574,4.99
6/20/23,321,4.99
6/20/23,626,17.69
6/20/23,628,5.39
6/20/23,349,4.97
6/20/23,689,6.99
6/20/23,356,4.99
6/20/23,694,7.63
6/20/23,381,4.99
6/20/23,414,4.5
6/20/23,811,7.63
6/20/23,419,13.98
6/20/23,472,6.99
6/20/23,476,4.97
6/20/23,935,4.99
6/20/23,484,6.39
6/20/23,488,5.29
6/20/23,515,7.63
6/20/23,518,30.76
6/20/23,1017,6.99
6/20/23,1057,3.5
6/20/23,1061,6.99
6/20/23,572,5.49
6/20/23,1118,3.5
6/20/23,584,6.09
6/20/23,585,5.99
6/20/23,1189,5.79
6/20/23,651,4.99
6/20/23,1454,7.69
6/20/23,764,4.99
6/20/23,765,7.59
6/20/23,802,5.79
6/20/23,308,4.99
6/20/23,838,8.28
6/20/23,859,17.69
6/20/23,1637,4.99
6/20/23,1644,4.99
6/20/23,1665,5.99
6/20/23,1671,5.39
6/20/23,1717,3.99
6/20/23,935,9.98
6/20/23,938,3.5
6/20/23,489,4.99
6/20/23,1906,4.89
6/20/23,1978,6.99
6/20/23,1069,6.69
6/20/23,2026,8.5
6/20/23,1076,7.69
6/20/23,2028,6.99
6/20/23,1148,4.5
6/20/23,2219,6.99
6/20/23,2277,4.79
6/20/23,1216,5.79
6/20/23,1222,6.65
6/20/23,1223,6.99
6/20/23,1255,5.49
6/20/23,1281,8.79
6/20/23,2403,7.57
6/20/23,2407,5.69
6/20/23,1316,6.09
6/20/23,2538,3.5
6/20/23,962,6.39
6/20/23,1377,5.59
6/20/23,2622,4.97
6/20/23,2629,4.97
6/20/23,1419,3.5
6/20/23,1437,3.5
6/20/23,1478,5.49
6/20/23,853,6.99
6/20/23,2924,17.29
6/20/23,2973,36.48
6/20/23,1615,6.48
6/20/23,1622,5.39
6/20/23,3033,4.79
6/20/23,3091,41.94
6/20/23,1690,7.99
6/20/23,1717,5.49
6/20/23,3164,6.99
6/20/23,891,4.99
6/20/23,3216,17.79
6/20/23,3259,3.5
6/20/23,1778,13.78
6/20/23,1817,7.69
6/20/23,1857,6.99
6/20/23,3434,6.99
6/20/23,3443,5.59
6/20/23,1883,4.5
6/20/23,1905,6.49
6/20/23,1906,4.99
6/20/23,3490,8.28
6/20/23,1964,3.5
6/20/23,1968,7.63
6/20/23,3610,4.97
6/20/23,3643,4.97
6/20/23,1995,5.22
6/20/23,3663,6.39
6/20/23,2029,5.39
6/20/23,3727,3.5
6/20/23,2045,8.28
6/20/23,2076,8.28
6/20/23,3868,4.5
6/21/23,37,6.99
6/21/23,62,6.39
6/21/23,125,9.99
6/21/23,190,6.99
6/21/23,158,6.09
6/21/23,187,5.99
6/21/23,191,9.99
6/21/23,199,4.99
6/21/23,426,7.59
6/21/23,234,7.99
6/21/23,282,6.99
6/21/23,550,6.99
6/21/23,554,7.63
6/21/23,291,3.5
6/21/23,314,9.99
6/21/23,315,6.89
6/21/23,318,3.5
6/21/23,320,7.63
6/21/23,630,5.99
6/21/23,362,4.89
6/21/23,386,17.69
6/21/23,817,9.99
6/21/23,871,6.99
6/21/23,477,7.63
6/21/23,991,4.99
6/21/23,517,6.19
6/21/23,578,5.79
6/21/23,589,7.63
6/21/23,1151,5.99
6/21/23,1205,7.63
6/21/23,646,4.5
6/21/23,649,5.79
6/21/23,475,9.98
6/21/23,657,9.99
6/21/23,1276,3.5
6/21/23,1470,7.63
6/21/23,771,3.5
6/21/23,788,7.01
6/21/23,793,7.63
6/21/23,834,3.5
6/21/23,835,5.59
6/21/23,840,3.5
6/21/23,480,6.99
6/21/23,867,4.99
6/21/23,1653,6.89
6/21/23,1281,27.56
6/21/23,905,6.99
6/21/23,907,4.5
6/21/23,1727,6.09
6/21/23,910,4.99
6/21/23,1777,3.5
6/21/23,499,8.28
6/21/23,1810,6.99
6/21/23,1860,5.69
6/21/23,1865,3.5
6/21/23,1874,7.57
6/21/23,1903,4.99
6/21/23,1044,4.99
6/21/23,1049,7.69
6/21/23,1050,4.89
6/21/23,1072,6.65
6/21/23,1077,9.99
6/21/23,1079,7.99
6/21/23,2079,3.5
6/21/23,1114,7.63
6/21/23,2143,5.79
6/21/23,1143,8.99
6/21/23,1147,18.99
6/21/23,2162,7.69
6/21/23,2215,17.79
6/21/23,1226,6.99
6/21/23,2400,7.69
6/21/23,2449,7.99
6/21/23,2575,7.49
6/21/23,2579,6.99
6/21/23,2620,11.58
6/21/23,1409,6.48
6/21/23,2642,6.49
6/21/23,2686,3.5
6/21/23,1480,19.09
6/21/23,2751,7.69
6/21/23,2801,7.99
6/21/23,2807,7.69
6/21/23,2809,6.69
6/21/23,1538,6.65
6/21/23,2858,3.5
6/21/23,2859,17.79
6/21/23,1544,3.5
6/21/23,1547,4.97
6/21/23,965,9.78
6/21/23,1616,5.99
6/21/23,2996,4.97
6/21/23,1643,9.49
6/21/23,3041,3.5
6/21/23,3056,5.49
6/21/23,1657,3.5
6/21/23,1019,9.98
6/21/23,3148,6.89
6/21/23,1710,5.79
6/21/23,1711,7.57
6/21/23,30,4.97
6/21/23,1714,7.63
6/21/23,1715,7.63
6/21/23,3267,4.89
6/21/23,1785,4.99
6/21/23,1848,5.79
6/21/23,1850,19.09
6/21/23,1852,3.5
6/21/23,1885,5.49
6/21/23,1028,3.5
6/21/23,1938,20.99
6/21/23,1764,36.68
6/21/23,1944,4.99
6/21/23,1972,5.79
6/21/23,2005,6.69
6/21/23,3723,6.09
6/21/23,2044,6.69
6/21/23,2069,7.63
6/21/23,3800,8.28
6/21/23,3858,3.5
6/21/23,2125,4.89
6/22/23,47,6.99
6/22/23,35,5.99
6/22/23,69,7.63
6/22/23,64,9.99
6/22/23,131,5.49
6/22/23,94,4.89
6/22/23,244,5.99
6/22/23,308,4.99
6/22/23,376,7.59
6/22/23,378,7.63
6/22/23,197,6.99
6/22/23,384,7.63
6/22/23,461,3.5
6/22/23,287,15.38
6/22/23,613,4.5
6/22/23,323,17.69
6/22/23,353,5.99
6/22/23,743,5.79
6/22/23,751,3.5
6/22/23,757,6.39
6/22/23,805,6.39
6/22/23,823,7.07
6/22/23,423,3.5
6/22/23,879,5.22
6/22/23,922,4.97
6/22/23,478,8.99
6/22/23,513,8.99
6/22/23,516,7.63
6/22/23,1011,7.63
6/22/23,1014,6.99
6/22/23,551,3.5
6/22/23,1122,13.98
6/22/23,1187,4.79
6/22/23,618,9.99
6/22/23,656,3.99
6/22/23,1262,5.99
6/22/23,689,7.63
6/22/23,1332,7.63
6/22/23,703,9.99
6/22/23,729,7.69
6/22/23,736,7.69
6/22/23,1459,4.97
6/22/23,1467,4.97
6/22/23,1522,6.89
6/22/23,800,5.49
6/22/23,1531,9.99
6/22/23,831,5.49
6/22/23,837,7.63
6/22/23,842,3.5
6/22/23,1603,9.99
6/22/23,1649,5.22
6/22/23,914,6.89
6/22/23,1905,5.59
6/22/23,1014,4.89
6/22/23,1910,3.5
6/22/23,1015,3.5
6/22/23,1913,7.29
6/22/23,1042,7.63
6/22/23,1046,6.09
6/22/23,2019,6.99
6/22/23,1117,3.5
6/22/23,1144,3.93
6/22/23,1177,5.34
6/22/23,2229,3.5
6/22/23,2236,5.49
6/22/23,1219,7.63
6/22/23,2310,4.99
6/22/23,2411,6.99
6/22/23,1318,3.5
6/22/23,2519,6.99
6/22/23,2521,5.79
6/22/23,1347,5.84
6/22/23,2529,5.79
6/22/23,2534,15.38
6/22/23,1354,5.79
6/22/23,2570,9
6/22/23,2583,20.99
6/22/23,2648,3.5
6/22/23,1443,6.09
6/22/23,1446,6.89
6/22/23,2695,5.79
6/22/23,1449,8.28
6/22/23,1472,5.99
6/22/23,2739,9.99
6/22/23,2744,7.63
6/22/23,2748,6.99
6/22/23,1511,15.26
6/22/23,2803,3.5
6/22/23,1539,6.99
6/22/23,2921,6.99
6/22/23,2938,125.94
6/22/23,2975,6.09
6/22/23,1612,7.63
6/22/23,1614,9.99
6/22/23,1646,15.99
6/22/23,1647,7.63
6/22/23,3044,3.5
6/22/23,3045,3.5
6/22/23,1653,4.97
6/22/23,1685,5.79
6/22/23,1689,4.99
6/22/23,3153,6.59
6/22/23,1713,3.5
6/22/23,2819,3.5
6/22/23,1743,6.89
6/22/23,1747,7.69
6/22/23,1779,6.09
6/22/23,2189,4.79
6/22/23,1820,7.63
6/22/23,1855,9.99
6/22/23,1881,4.99
6/22/23,3445,7.63
6/22/23,3449,8.29
6/22/23,3498,5.49
6/22/23,1919,5.39
6/22/23,3558,7.63
6/22/23,1967,3.5
6/22/23,1999,7.63
6/22/23,3656,6.59
6/22/23,2006,39.28
6/22/23,3713,7.63
6/22/23,2041,3.5
6/22/23,3781,7.49
6/22/23,1095,7.63
6/22/23,2084,7.39
6/23/23,20,7.49
6/23/23,49,3.5
6/23/23,36,7.99
6/23/23,123,5.49
6/23/23,129,5.79
6/23/23,92,11.98
6/23/23,228,8.28
6/23/23,246,7.63
6/23/23,304,6.99
6/23/23,306,7.99
6/23/23,162,6.99
6/23/23,386,4.09
6/23/23,201,4.99
6/23/23,392,7.63
6/23/23,226,5.79
6/23/23,451,3.5
6/23/23,232,6.79
6/23/23,250,7.69
6/23/23,257,3.5
6/23/23,513,4.99
6/23/23,704,3.69
6/23/23,706,4.99
6/23/23,385,3.99
6/23/23,417,19.09
6/23/23,454,7.63
6/23/23,455,20.39
6/23/23,458,7.69
6/23/23,489,3.5
6/23/23,490,3.99
6/23/23,1005,17.69
6/23/23,545,4.97
6/23/23,546,9.99
6/23/23,1132,3.5
6/23/23,586,5.59
6/23/23,1137,7.63
6/23/23,650,5.49
6/23/23,1255,5.99
6/23/23,1338,4.69
6/23/23,170,5.22
6/23/23,725,4.99
6/23/23,726,4.99
6/23/23,727,7.63
6/23/23,1409,15.99
6/23/23,766,4.99
6/23/23,1474,5.99
6/23/23,772,3.99
6/23/23,794,7.63
6/23/23,1542,6.99
6/23/23,808,5.79
6/23/23,1583,4.99
6/23/23,1589,7.63
6/23/23,836,4.99
6/23/23,1646,4.99
6/23/23,866,3.99
6/23/23,1655,3.5
6/23/23,872,7.83
6/23/23,877,6.99
6/23/23,1673,7.69
6/23/23,1738,15.38
6/23/23,1772,14.98
6/23/23,1775,8.99
6/23/23,941,7.59
6/23/23,1818,6.89
6/23/23,991,7.49
6/23/23,1915,6.99
6/23/23,1047,7.59
6/23/23,2043,4.99
6/23/23,2089,12.58
6/23/23,1109,3.5
6/23/23,1111,3.5
6/23/23,2096,7.29
6/23/23,2107,3.5
6/23/23,2155,7.69
6/23/23,1145,7.69
6/23/23,2164,6.99
6/23/23,1150,6.49
6/23/23,2166,5.99
6/23/23,1186,5.99
6/23/23,2298,3.5
6/23/23,2300,19.09
6/23/23,1227,6.69
6/23/23,2356,4.99
6/23/23,1260,6.29
6/23/23,2399,9.39
6/23/23,1284,11.98
6/23/23,2414,3.99
6/23/23,1313,8.29
6/23/23,1315,17.69
6/23/23,2462,4.97
6/23/23,2523,8.79
6/23/23,1381,4.99
6/23/23,1383,4.99
6/23/23,1386,7.63
6/23/23,2634,7.63
6/23/23,523,17.69
6/23/23,2737,5.99
6/23/23,2752,4.99
6/23/23,2799,7.63
6/23/23,1515,6.89
6/23/23,2940,7.63
6/23/23,2983,4.99
6/23/23,1620,7.63
6/23/23,3052,4.79
6/23/23,3058,5.99
6/23/23,1659,6.99
6/23/23,1679,5.99
6/23/23,3095,6.99
6/23/23,3101,6.09
6/23/23,3105,6.99
6/23/23,1687,7.63
6/23/23,1748,3.93
6/23/23,3214,7.63
6/23/23,1751,6.59
6/23/23,1752,17.69
6/23/23,698,7.99
6/23/23,3261,3.99
6/23/23,3333,7.63
6/23/23,3381,5.99
6/23/23,1851,3.5
6/23/23,1880,13.78
6/23/23,3460,4.79
6/23/23,3515,7.63
6/23/23,1920,7.63
6/23/23,1922,5.49
6/23/23,1939,4.99
6/23/23,1943,6.99
6/23/23,3562,3.69
6/23/23,3595,10.98
6/23/23,3597,6.79
6/23/23,1973,3.5
6/23/23,3660,7.69
6/23/23,3717,16.09
6/23/23,872,47.97
6/23/23,2072,4.99
6/23/23,87,3.5
6/23/23,2074,15.26
6/23/23,3786,7.29
6/23/23,2085,6.99
6/23/23,2113,7.59
6/23/23,3860,5.99
6/24/23,24,6.99
6/24/23,71,5.79
6/24/23,77,4.5
6/24/23,60,5.99
6/24/23,127,4.97
6/24/23,68,7.63
6/24/23,180,4.69
6/24/23,184,7.63
6/24/23,186,7.63
6/24/23,96,7.63
6/24/23,232,18.99
6/24/23,236,7.63
6/24/23,242,7.63
6/24/23,127,4.97
6/24/23,164,15.98
6/24/23,441,6.89
6/24/23,443,4.99
6/24/23,236,7.69
6/24/23,501,9.99
6/24/23,263,7.59
6/24/23,566,15.99
6/24/23,615,7
6/24/23,635,7.63
6/24/23,639,7.83
6/24/23,329,4.79
6/24/23,761,5.99
6/24/23,803,17.29
6/24/23,416,6.19
6/24/23,883,4.5
6/24/23,459,7.63
6/24/23,931,6.99
6/24/23,943,6.99
6/24/23,1015,4.99
6/24/23,579,9.99
6/24/23,581,4.97
6/24/23,592,17.69
6/24/23,1149,7.63
6/24/23,1201,11.07
6/24/23,624,4.99
6/24/23,625,4.79
6/24/23,628,7.63
6/24/23,1211,6.99
6/24/23,1272,4.99
6/24/23,662,15.18
6/24/23,1326,7.63
6/24/23,1328,6.29
6/24/23,695,7.63
6/24/23,699,6.99
6/24/23,724,6.99
6/24/23,1393,5.22
6/24/23,728,7.63
6/24/23,1463,7.63
6/24/23,1472,4.99
6/24/23,1480,6.99
6/24/23,792,7.63
6/24/23,801,4.99
6/24/23,803,5.99
6/24/23,1538,9.99
6/24/23,806,7.63
6/24/23,1593,4.99
6/24/23,843,4.97
6/24/23,1607,3.5
6/24/23,868,5.99
6/24/23,870,7.63
6/24/23,875,4.89
6/24/23,876,6.99
6/24/23,912,3.89
6/24/23,1873,15.26
6/24/23,994,18.99
6/24/23,1020,6.99
6/24/23,1976,6.99
6/24/23,1051,3.88
6/24/23,2041,5.99
6/24/23,2137,6.09
6/24/23,1136,4.5
6/24/23,1138,6.99
6/24/23,2157,4.5
6/24/23,2213,4.79
6/24/23,2217,4.79
6/24/23,2291,19.09
6/24/23,2307,5.59
6/24/23,2362,9.99
6/24/23,2366,6.99
6/24/23,2405,5.99
6/24/23,2450,6.99
6/24/23,2452,7.63
6/24/23,2473,19.98
6/24/23,1344,4.97
6/24/23,2517,17.69
6/24/23,1345,9.99
6/24/23,1346,5.49
6/24/23,2536,18.99
6/24/23,1378,5.99
6/24/23,2595,5.99
6/24/23,1413,6.99
6/24/23,1474,9.98
6/24/23,1477,7.63
6/24/23,1505,7.63
6/24/23,1507,4.97
6/24/23,2852,7.69
6/24/23,1543,5.99
6/24/23,2861,6.99
6/24/23,2866,7.63
6/24/23,2914,4.99
6/24/23,2930,3.5
6/24/23,1586,15.99
6/24/23,1611,5.79
6/24/23,2985,7.63
6/24/23,2988,5.99
6/24/23,1618,22.89
6/24/23,1619,6.89
6/24/23,3000,4.5
6/24/23,1648,6.59
6/24/23,1684,6.99
6/24/23,1686,9.99
6/24/23,1716,7.63
6/24/23,1719,5.99
6/24/23,1722,3.5
6/24/23,3212,7.69
6/24/23,3263,3.5
6/24/23,3276,8.79
6/24/23,3340,3.5
6/24/23,1847,7.63
6/24/23,3388,4.97
6/24/23,1853,6.99
6/24/23,3397,7.69
6/24/23,1858,6.19
6/24/23,3401,5.99
6/24/23,3454,6.48
6/24/23,3500,13.98
6/24/23,1912,7.63
6/24/23,3508,9.99
6/24/23,3517,4.79
6/24/23,3551,18.99
6/24/23,1970,6.89
6/24/23,2969,5.22
6/24/23,1978,17.69
6/24/23,3662,6.99
6/24/23,3715,4.97
6/24/23,2040,7.63
6/24/23,2657,6.99
6/24/23,2077,5.69
6/25/23,31,7.63
6/25/23,139,5.79
6/25/23,26,3.5
6/25/23,97,4.97
6/25/23,98,6.99
6/25/23,117,4.97
6/25/23,126,6.09
6/25/23,157,3.5
6/25/23,312,6.99
6/25/23,316,15.38
6/25/23,380,3.5
6/25/23,196,7.59
6/25/23,231,7.63
6/25/23,459,3.5
6/25/23,253,6.99
6/25/23,558,3.69
6/25/23,560,4.99
6/25/23,572,4.97
6/25/23,296,4.99
6/25/23,325,35.38
6/25/23,637,3.5
6/25/23,641,5.22
6/25/23,643,9.99
6/25/23,358,5.79
6/25/23,387,19.98
6/25/23,392,5.99
6/25/23,767,7.63
6/25/23,415,3.5
6/25/23,809,7.63
6/25/23,422,6.99
6/25/23,825,7.63
6/25/23,827,3.99
6/25/23,426,6.99
6/25/23,457,5.99
6/25/23,891,3.5
6/25/23,893,9.99
6/25/23,941,5.49
6/25/23,487,6.99
6/25/23,512,5.99
6/25/23,514,7.75
6/25/23,519,17.69
6/25/23,548,3.5
6/25/23,1068,17.69
6/25/23,1072,6.69
6/25/23,1129,5.99
6/25/23,590,6.09
6/25/23,1195,9.99
6/25/23,623,9
6/25/23,1203,5.22
6/25/23,655,6.99
6/25/23,209,7.63
6/25/23,658,12.78
6/25/23,1320,6.09
6/25/23,694,6.99
6/25/23,1346,6.99
6/25/23,1395,3.88
6/25/23,1478,6.99
6/25/23,798,5.49
6/25/23,845,15.99
6/25/23,864,6.09
6/25/23,871,7.63
6/25/23,879,18.99
6/25/23,881,4.89
6/25/23,906,7.63
6/25/23,911,6.99
6/25/23,1735,7.63
6/25/23,1779,14.99
6/25/23,964,17.69
6/25/23,985,7.63
6/25/23,989,5.99
6/25/23,990,13.98
6/25/23,1872,4.99
6/25/23,1911,9
6/25/23,1018,7.63
6/25/23,1919,7.69
6/25/23,1972,7.63
6/25/23,2037,5.99
6/25/23,1118,4.09
6/25/23,1139,4.99
6/25/23,2153,6.99
6/25/23,2233,5.79
6/25/23,1218,5.99
6/25/23,1224,3.88
6/25/23,2309,7.69
6/25/23,1256,8.49
6/25/23,1257,3.5
6/25/23,1285,5.99
6/25/23,1286,4.99
6/25/23,1287,6.19
6/25/23,1288,3.5
6/25/23,1321,4.99
6/25/23,1357,6.99
6/25/23,2591,4.97
6/25/23,2630,7.63
6/25/23,1412,17.79
6/25/23,1415,6.09
6/25/23,1416,6.99
6/25/23,2691,6.09
6/25/23,1447,7.63
6/25/23,1240,9.99
6/25/23,2741,6.99
6/25/23,1510,7.63
6/25/23,2812,6.99
6/25/23,2864,5.99
6/25/23,1549,7.63
6/25/23,2934,3.5
6/25/23,2977,6.99
6/25/23,1649,4
6/25/23,1650,3.5
6/25/23,1682,18.99
6/25/23,3103,6.99
6/25/23,3107,7.69
6/25/23,3116,17.69
6/25/23,3173,3.88
6/25/23,3218,4.59
6/25/23,3223,8.29
6/25/23,1757,3.5
6/25/23,3227,4.04
6/25/23,1780,6.19
6/25/23,3273,3.5
6/25/23,1784,38.18
6/25/23,2822,6.79
6/25/23,1787,7.49
6/25/23,3328,3.5
6/25/23,1824,3.5
6/25/23,1825,4.99
6/25/23,3383,7.63
6/25/23,1854,4.59
6/25/23,1888,9.99
6/25/23,1890,4.5
6/25/23,3502,7.63
6/25/23,3504,4.97
6/25/23,1914,17.29
6/25/23,3506,9.99
6/25/23,1916,6.65
6/25/23,1950,5.49
6/25/23,1952,4.99
6/25/23,1971,7.63
6/25/23,2124,9.99
6/25/23,3653,4.99
6/25/23,2001,19.09
6/25/23,3658,5.79
6/25/23,3671,7.99
6/25/23,2036,7.69
6/25/23,3729,3.5
6/25/23,3737,7.99
6/25/23,3795,5.49
6/25/23,3802,5.99
6/25/23,2086,15.26
6/25/23,2119,3.5
6/25/23,2121,3.5
6/26/23,73,4.09
6/26/23,40,4.89
6/26/23,63,5.38
6/26/23,66,6.99
6/26/23,67,6.09
6/26/23,71,5.49
6/26/23,119,6.39
6/26/23,234,6.69
6/26/23,162,6.53
6/26/23,302,18.99
6/26/23,160,7.59
6/26/23,225,18.99
6/26/23,261,5.79
6/26/23,564,6.19
6/26/23,324,9.99
6/26/23,698,7.99
6/26/23,753,4.97
6/26/23,390,3.5
6/26/23,424,7.69
6/26/23,829,6.69
6/26/23,427,4
6/26/23,456,7.99
6/26/23,889,5.99
6/26/23,939,4.99
6/26/23,947,37.98
6/26/23,1007,4.97
6/26/23,520,7.69
6/26/23,524,4.97
6/26/23,525,7.63
6/26/23,553,6.79
6/26/23,1076,9.99
6/26/23,587,6.49
6/26/23,597,15.26
6/26/23,1155,4.5
6/26/23,1193,6.09
6/26/23,652,4.69
6/26/23,1257,7.69
6/26/23,1336,7.49
6/26/23,1354,4.99
6/26/23,1399,3.5
6/26/23,737,3.5
6/26/23,738,7.63
6/26/23,1536,13.98
6/26/23,807,3.5
6/26/23,810,3.5
6/26/23,869,4
6/26/23,1659,6.99
6/26/23,1669,4.69
6/26/23,880,6.99
6/26/23,1733,6.99
6/26/23,785,5.49
6/26/23,915,3.88
6/26/23,523,442.25
6/26/23,960,5.99
6/26/23,962,3.99
6/26/23,986,7.63
6/26/23,1923,4.49
6/26/23,1980,6.99
6/26/23,1084,9.78
6/26/23,1085,5.99
6/26/23,2092,4.99
6/26/23,1180,6.69
6/26/23,1183,4.79
6/26/23,1187,8.99
6/26/23,2360,7
6/26/23,1283,3.88
6/26/23,2456,5.49
6/26/23,1314,5.49
6/26/23,2463,4.79
6/26/23,1059,15.99
6/26/23,2471,7.59
6/26/23,1348,6.39
6/26/23,2568,4.69
6/26/23,1380,6.99
6/26/23,2586,3.5
6/26/23,2590,4.99
6/26/23,1411,6.39
6/26/23,1444,6.99
6/26/23,2689,18.99
6/26/23,1448,7.63
6/26/23,1450,6.99
6/26/23,2700,17.69
6/26/23,1484,3.5
6/26/23,1514,6.99
6/26/23,1550,15.38
6/26/23,1584,9.99
6/26/23,2990,4.5
6/26/23,2994,4.99
6/26/23,1658,3.88
6/26/23,3099,7.69
6/26/23,3113,6.49
6/26/23,3158,6.99
6/26/23,1723,3.88
6/26/23,1727,19.95
6/26/23,1749,4.79
6/26/23,1758,6.09
6/26/23,3339,7.63
6/26/23,1882,3.5
6/26/23,3462,13.98
6/26/23,3511,3.69
6/26/23,1921,7.69
6/26/23,3564,3.5
6/26/23,2379,6.99
6/26/23,3599,18.99
6/26/23,3605,4.99
6/26/23,3612,19.09
6/26/23,1977,3.5
6/26/23,2000,15.26
6/26/23,3789,6.99
6/26/23,3854,6.09
6/26/23,3870,4
6/26/23,2124,4.99
6/26/23,3877,5.49
6/27/23,26,4.97
6/27/23,38,14
6/27/23,75,5.49
6/27/23,135,6.39
6/27/23,70,4.97
6/27/23,93,4.99
6/27/23,182,6.09
6/27/23,95,8.39
6/27/23,230,6.99
6/27/23,125,7.63
6/27/23,156,7.63
6/27/23,457,3.69
6/27/23,505,4
6/27/23,562,3.5
6/27/23,289,5.22
6/27/23,576,4.89
6/27/23,633,9.99
6/27/23,360,6.89
6/27/23,700,7.63
6/27/23,363,17.69
6/27/23,747,7.69
6/27/23,391,6.99
6/27/23,395,4.97
6/27/23,833,4.99
6/27/23,893,9.99
6/27/23,460,3.5
6/27/23,481,6.79
6/27/23,485,4.99
6/27/23,945,5.69
6/27/23,1001,7.63
6/27/23,521,4.5
6/27/23,1018,4.99
6/27/23,1070,18.99
6/27/23,621,5.84
6/27/23,627,7.63
6/27/23,653,5.49
6/27/23,664,6.99
6/27/23,700,4.97
6/27/23,701,18.99
6/27/23,704,7.79
6/27/23,730,6.89
6/27/23,734,75.96
6/27/23,1410,4.99
6/27/23,282,4.97
6/27/23,1476,3.5
6/27/23,1545,7.63
6/27/23,1597,8.28
6/27/23,1663,6.99
6/27/23,878,6.99
6/27/23,1731,9.99
6/27/23,1740,9.99
6/27/23,1781,3.88
6/27/23,1785,4.97
6/27/23,942,7.63
6/27/23,958,7.63
6/27/23,1870,6.49
6/27/23,1146,4.97
6/27/23,1019,6.99
6/27/23,1021,18.39
6/27/23,1048,17.69
6/27/23,909,3.69
6/27/23,1082,4.99
6/27/23,1087,4.99
6/27/23,2098,6.99
6/27/23,2103,6.99
6/27/23,2105,6.49
6/27/23,2149,7.63
6/27/23,2168,6.99
6/27/23,1176,6.89
6/27/23,1181,3.5
6/27/23,2227,6.99
6/27/23,1188,6.99
6/27/23,2293,5.49
6/27/23,2304,3.5
6/27/23,1230,4.09
6/27/23,1254,4.5
6/27/23,1258,8.18
6/27/23,2364,6.39
6/27/23,1312,7.83
6/27/23,2468,5.22
6/27/23,2527,5.22
6/27/23,1388,6.29
6/27/23,2697,3.5
6/27/23,1481,5.99
6/27/23,1508,18.99
6/27/23,1512,3.5
6/27/23,1542,4.99
6/27/23,2868,6.09
6/27/23,2870,6.39
6/27/23,1581,6.99
6/27/23,1582,7.99
6/27/23,2926,4.99
6/27/23,1583,18.99
6/27/23,2928,20.99
6/27/23,2936,4.69
6/27/23,1588,5.22
6/27/23,1613,6.89
6/27/23,1617,6.09
6/27/23,1655,18.99
6/27/23,3060,3.88
6/27/23,1660,4.98
6/27/23,3109,7.99
6/27/23,3111,6.99
6/27/23,2972,4.89
6/27/23,2242,3.5
6/27/23,3395,7.63
6/27/23,1886,4.79
6/27/23,3667,5.99
6/27/23,2008,7.59
6/27/23,3725,7.69
6/27/23,2046,4
6/27/23,3739,6.99
6/27/23,2070,75.96
6/27/23,2080,15.99
6/27/23,2082,6.99
6/27/23,2083,6.39
6/27/23,3804,6.99
6/27/23,3864,8.99
6/27/23,2122,4.79
6/27/23,3875,3.5
6/27/23,3879,9.99
6/28/23,27,3.81
6/28/23,37,7.99
6/28/23,61,7.69
6/28/23,141,3.81
6/28/23,99,6.99
6/28/23,122,6.99
6/28/23,123,7.63
6/28/23,124,6.69
6/28/23,248,17.69
6/28/23,128,5.49
6/28/23,250,7.63
6/28/23,165,7.63
6/28/23,322,6.99
6/28/23,227,6.99
6/28/23,230,4.97
6/28/23,449,20.39
6/28/23,455,4.79
6/28/23,237,9.99
6/28/23,463,4
6/28/23,507,3.82
6/28/23,492,7.63
6/28/23,319,4.97
6/28/23,326,6.99
6/28/23,383,7.63
6/28/23,749,3.81
6/28/23,388,3.81
6/28/23,389,5
6/28/23,393,5.38
6/28/23,813,3.99
6/28/23,418,4.51
6/28/23,420,3.81
6/28/23,425,7.99
6/28/23,831,4.99
6/28/23,887,3.81
6/28/23,929,7.63
6/28/23,480,6.99
6/28/23,486,3.81
6/28/23,949,4.89
6/28/23,953,4.89
6/28/23,1009,20.97
6/28/23,522,5.99
6/28/23,1021,3.82
6/28/23,554,7.63
6/28/23,1139,4.99
6/28/23,1143,6.49
6/28/23,596,3.81
6/28/23,1153,4.97
6/28/23,619,5.49
6/28/23,1199,3.81
6/28/23,1207,7.99
6/28/23,1209,6.39
6/28/23,1259,5.59
6/28/23,659,3.81
6/28/23,661,4
6/28/23,663,5.99
6/28/23,1324,4.99
6/28/23,698,3.82
6/28/23,1349,5.99
6/28/23,1401,13.78
6/28/23,1403,3.81
6/28/23,1405,3.99
6/28/23,573,6.39
6/28/23,1416,4
6/28/23,773,3.81
6/28/23,775,3.81
6/28/23,1482,3.81
6/28/23,350,5.99
6/28/23,1534,5.49
6/28/23,1083,7.59
6/28/23,811,3.81
6/28/23,1599,3.82
6/28/23,1605,3.82
6/28/23,844,6.39
6/28/23,873,7.69
6/28/23,1661,5.79
6/28/23,1667,6.39
6/28/23,1822,4.99
6/28/23,1824,6.99
6/28/23,965,3.82
6/28/23,1828,5.99
6/28/23,993,6.99
6/28/23,2035,5.99
6/28/23,1115,7.63
6/28/23,1119,6.49
6/28/23,2109,3.81
6/28/23,2147,7.69
6/28/23,478,4.97
6/28/23,1151,5.99
6/28/23,2170,4.99
6/28/23,1184,3.99
6/28/23,2296,7.63
6/28/23,1229,5.99
6/28/23,2402,4.99
6/28/23,2460,6.99
6/28/23,2466,18.99
6/28/23,1319,4.97
6/28/23,1320,6.39
6/28/23,1322,7.49
6/28/23,1356,8.99
6/28/23,2542,3.81
6/28/23,2577,4.99
6/28/23,1379,3.82
6/28/23,1384,9.99
6/28/23,2638,6.09
6/28/23,2644,4.99
6/28/23,64,4.99
6/28/23,1420,7.69
6/28/23,1445,7.69
6/28/23,1452,3.5
6/28/23,1483,4.99
6/28/23,2756,7.63
6/28/23,1486,4.99
6/28/23,1541,4.99
6/28/23,1545,3.92
6/28/23,2862,6.99
6/28/23,1546,9.49
6/28/23,2872,9.99
6/28/23,2874,4.09
6/28/23,1621,4.99
6/28/23,3047,13.98
6/28/23,3061,3.81
6/28/23,1661,4.99
6/28/23,3160,4.99
6/28/23,1720,5.49
6/28/23,3168,5.59
6/28/23,3169,6.39
6/28/23,1725,3.81
6/28/23,1754,7.19
6/28/23,1755,4.97
6/28/23,1756,17.79
6/28/23,1759,7.49
6/28/23,1781,4.69
6/28/23,1782,3.91
6/28/23,3271,6.39
6/28/23,3278,3.82
6/28/23,1818,35.38
6/28/23,3341,3.82
6/28/23,3392,4.99
6/28/23,1884,4.99
6/28/23,1891,7.59
6/28/23,1892,14.97
6/28/23,3521,7.69
6/28/23,3567,3.95
6/28/23,1953,4.99
6/28/23,2003,7.63
6/28/23,3665,7.63
6/28/23,2042,3.81
6/28/23,2043,3.81
6/28/23,2075,3.92
6/28/23,3793,7.69
6/28/23,3797,5.49
6/29/23,45,3.82
6/29/23,51,5.49
6/29/23,55,7.39
6/29/23,59,4.99
6/29/23,61,40.78
6/29/23,32,4.99
6/29/23,63,3.88
6/29/23,65,6.89
6/29/23,34,3.99
6/29/23,67,4
6/29/23,69,3.82
6/29/23,137,5
6/29/23,72,6.89
6/29/23,143,3.82
6/29/23,239,3.82
6/29/23,175,6.39
6/29/23,159,3.81
6/29/23,161,4.99
6/29/23,318,3.82
6/29/23,320,7.63
6/29/23,388,3.82
6/29/23,390,3.81
6/29/23,202,6.99
6/29/23,228,7.29
6/29/23,233,6.49
6/29/23,235,3.99
6/29/23,499,4.14
6/29/23,260,3.82
6/29/23,511,3.81
6/29/23,515,3.81
6/29/23,290,3.81
6/29/23,570,4.99
6/29/23,295,3.81
6/29/23,297,6.99
6/29/23,322,20.39
6/29/23,631,7.63
6/29/23,327,6.89
6/29/23,328,7.63
6/29/23,330,3.81
6/29/23,331,8.29
6/29/23,361,15.26
6/29/23,702,5.39
6/29/23,755,9.99
6/29/23,759,3.81
6/29/23,763,5.49
6/29/23,765,3.82
6/29/23,394,3.81
6/29/23,819,3.82
6/29/23,421,3.99
6/29/23,479,3.82
6/29/23,933,4.97
6/29/23,482,6.39
6/29/23,951,3.92
6/29/23,491,4
6/29/23,955,8.28
6/29/23,492,3
6/29/23,523,8.29
6/29/23,526,17.97
6/29/23,1019,9.98
6/29/23,527,3.81
6/29/23,549,4.99
6/29/23,1064,3.82
6/29/23,550,3.82
6/29/23,1066,3.81
6/29/23,552,3.82
6/29/23,1074,3.82
6/29/23,555,3.82
6/29/23,1127,3.82
6/29/23,1134,3.82
6/29/23,1141,3.81
6/29/23,591,7.63
6/29/23,1145,4.99
6/29/23,1147,4.99
6/29/23,594,3.82
6/29/23,595,3.81
6/29/23,620,7.63
6/29/23,622,19.09
6/29/23,626,7.63
6/29/23,1264,3.88
6/29/23,1268,15.98
6/29/23,660,3.82
6/29/23,1270,7.63
6/29/23,1274,7.69
6/29/23,1334,3.81
6/29/23,1342,19.09
6/29/23,1344,7.69
6/29/23,702,3.82
6/29/23,1351,3.82
6/29/23,1353,19.09
6/29/23,705,3.82
6/29/23,1356,3.82
6/29/23,1407,7.63
6/29/23,733,4.99
6/29/23,1412,5.39
6/29/23,768,8.29
6/29/23,1469,4.97
6/29/23,769,7.69
6/29/23,774,18.99
6/29/23,1529,6.09
6/29/23,804,3.82
6/29/23,805,4.49
6/29/23,809,3.92
6/29/23,1675,9.99
6/29/23,1677,7.63
6/29/23,1721,7.63
6/29/23,1725,3.82
6/29/23,909,5.49
6/29/23,913,4.99
6/29/23,939,3.81
6/29/23,1787,3.82
6/29/23,1826,5.49
6/29/23,1876,7.63
6/29/23,995,5.49
6/29/23,1013,3.82
6/29/23,1017,3.82
6/29/23,1921,3.82
6/29/23,1982,3.81
6/29/23,1078,5.49
6/29/23,1080,5.99
6/29/23,2039,7.99
6/29/23,2045,3.81
6/29/23,1086,4.99
6/29/23,2047,7.83
6/29/23,1112,5.99
6/29/23,1113,3.82
6/29/23,2100,4.14
6/29/23,2102,6.99
6/29/23,1116,4.89
6/29/23,1120,3.82
6/29/23,2141,4.97
6/29/23,2151,3.82
6/29/23,2160,3.82
6/29/23,1152,10
6/29/23,1153,5.39
6/29/23,1185,4.69
6/29/23,2231,4.14
6/29/23,525,7.83
6/29/23,1225,4.99
6/29/23,2302,3.81
6/29/23,1231,5
6/29/23,1259,9.99
6/29/23,1261,3.81
6/29/23,2458,5.59
6/29/23,1317,7.63
6/29/23,1323,4
6/29/23,2525,7.63
6/29/23,1350,5.59
6/29/23,1353,9.99
6/29/23,2540,3.82
6/29/23,1375,19.09
6/29/23,2581,3.81
6/29/23,1382,3.91
6/29/23,1161,15.38
6/29/23,2588,4.99
6/29/23,1385,4.26
6/29/23,1387,4.99
6/29/23,2593,3.81
6/29/23,1389,3.81
6/29/23,2597,4.49
6/29/23,1414,4.99
6/29/23,1417,4.99
6/29/23,1418,3.81
6/29/23,2646,7.63
6/29/23,1421,3.82
6/29/23,2693,3.82
6/29/23,560,4.99
6/29/23,1451,3.82
6/29/23,2736,3.82
6/29/23,1482,3.82
6/29/23,2754,5.99
6/29/23,2758,6.89
6/29/23,1513,5
6/29/23,2810,7.69
6/29/23,1516,3.82
6/29/23,2856,3.82
6/29/23,1551,3.82
6/29/23,1585,4.99
6/29/23,1589,3.81
6/29/23,2992,3.82
6/29/23,2998,4.99
6/29/23,3048,3.81
6/29/23,1654,3.82
6/29/23,3054,3.82
6/29/23,1656,3.82
6/29/23,3062,4.99
6/29/23,1126,7.63
6/29/23,1662,7.83
6/29/23,1683,3.81
6/29/23,1688,3.82
6/29/23,1691,6.99
6/29/23,1692,3.81
6/29/23,3162,3.99
6/29/23,1721,71.16
6/29/23,3171,9.99
6/29/23,1726,3.82
6/29/23,2855,4.99
6/29/23,3176,4.97
6/29/23,3230,6.39
6/29/23,1786,3.82
6/29/23,3280,7.98
6/29/23,1788,7.49
6/29/23,1819,7.83
6/29/23,3337,7.63
6/29/23,1822,6.99
6/29/23,3343,3.81
6/29/23,3386,3.82
6/29/23,3390,4.99
6/29/23,3393,3.82
6/29/23,1859,3.81
6/29/23,3456,6.39
6/29/23,1889,3.82
6/29/23,3458,7.63
6/29/23,3513,3.81
6/29/23,3519,3.81
6/29/23,1923,5.99
6/29/23,1945,3.81
6/29/23,1946,4.99
6/29/23,1947,4.99
6/29/23,1948,17.69
6/29/23,3569,3.82
6/29/23,3572,17.69
6/29/23,3608,3.82
6/29/23,1975,8.28
6/29/23,1976,4.14
6/29/23,3615,3.69
6/29/23,3617,7.99
6/29/23,1979,7.63
6/29/23,2004,3.82
6/29/23,2007,5.99
6/29/23,2009,9.99
6/29/23,2037,4.99
6/29/23,3721,3.82
6/29/23,2038,3.91
6/29/23,2039,6.99
6/29/23,3731,7.63
6/29/23,3735,5.99
6/29/23,2047,3.82
6/29/23,587,6.99
6/29/23,2079,7.69
6/29/23,259,6.39
6/29/23,3799,7.99
6/29/23,3872,3.81
6/29/23,3873,3.69
6/29/23,2126,8.29
6/29/23,2127,3.82
6/30/23,45,3.82
6/30/23,51,5.49
6/30/23,55,7.39
6/30/23,59,4.99
6/30/23,61,40.78
6/30/23,32,4.99
6/30/23,63,3.88
6/30/23,65,6.89
6/30/23,34,3.99
6/30/23,67,4
6/30/23,69,3.82
6/30/23,137,5
6/30/23,72,6.89
6/30/23,143,3.82
6/30/23,239,3.82
6/30/23,175,6.39
6/30/23,159,3.81
6/30/23,161,4.99
6/30/23,318,3.82
6/30/23,320,7.63
6/30/23,388,3.82
6/30/23,390,3.81
6/30/23,202,6.99
6/30/23,228,7.29
6/30/23,233,6.49
6/30/23,235,3.99
6/30/23,499,4.14
6/30/23,260,3.82
6/30/23,511,3.81
6/30/23,515,3.81
6/30/23,290,3.81
6/30/23,570,4.99
6/30/23,295,3.81
6/30/23,297,6.99
6/30/23,322,20.39
6/30/23,631,7.63
6/30/23,327,6.89
6/30/23,328,7.63
6/30/23,330,3.81
6/30/23,331,8.29
6/30/23,361,15.26
6/30/23,702,5.39
6/30/23,755,9.99
6/30/23,759,3.81
6/30/23,763,5.49
6/30/23,765,3.82
6/30/23,394,3.81
6/30/23,819,3.82
6/30/23,421,3.99
6/30/23,479,3.82
6/30/23,933,4.97
6/30/23,482,6.39
6/30/23,951,3.92
6/30/23,491,4
6/30/23,955,8.28
6/30/23,492,3
6/30/23,523,8.29
6/30/23,526,17.97
6/30/23,1019,9.98
6/30/23,527,3.81
6/30/23,549,4.99
6/30/23,1064,3.82
6/30/23,550,3.82
6/30/23,1066,3.81
6/30/23,552,3.82
6/30/23,1074,3.82
6/30/23,555,3.82
6/30/23,1127,3.82
6/30/23,1134,3.82
6/30/23,1141,3.81
6/30/23,591,7.63
6/30/23,1145,4.99
6/30/23,1147,4.99
6/30/23,594,3.82
6/30/23,595,3.81
6/30/23,620,7.63
6/30/23,622,19.09
6/30/23,626,7.63
6/30/23,1264,3.88
6/30/23,1268,15.98
6/30/23,660,3.82
6/30/23,1270,7.63
6/30/23,1274,7.69
6/30/23,1334,3.81
6/30/23,1342,19.09
6/30/23,1344,7.69
6/30/23,702,3.82
6/30/23,1351,3.82
6/30/23,1353,19.09
6/30/23,705,3.82
6/30/23,1356,3.82
6/30/23,1407,7.63
6/30/23,733,4.99
6/30/23,1412,5.39
6/30/23,768,8.29
6/30/23,1469,4.97
6/30/23,769,7.69
6/30/23,774,18.99
6/30/23,1529,6.09
6/30/23,804,3.82
6/30/23,805,4.49
6/30/23,809,3.92
6/30/23,1675,9.99
6/30/23,1677,7.63
6/30/23,1721,7.63
6/30/23,1725,3.82
6/30/23,909,5.49
6/30/23,913,4.99
6/30/23,939,3.81
6/30/23,1787,3.82
6/30/23,1826,5.49
6/30/23,1876,7.63
6/30/23,995,5.49
6/30/23,1013,3.82
6/30/23,1017,3.82
6/30/23,1921,3.82
6/30/23,1982,3.81
6/30/23,1078,5.49
6/30/23,1080,5.99
6/30/23,2039,7.99
6/30/23,2045,3.81
6/30/23,1086,4.99
6/30/23,2047,7.83
6/30/23,1112,5.99
6/30/23,1113,3.82
6/30/23,2100,4.14
6/30/23,2102,6.99
6/30/23,1116,4.89
6/30/23,1120,3.82
6/30/23,2141,4.97
6/30/23,2151,3.82
6/30/23,2160,3.82
6/30/23,1152,10
6/30/23,1153,5.39
6/30/23,1185,4.69
6/30/23,2231,4.14
6/30/23,525,7.83
6/30/23,1225,4.99
6/30/23,2302,3.81
6/30/23,1231,5
6/30/23,1259,9.99
6/30/23,1261,3.81
6/30/23,2458,5.59
6/30/23,1317,7.63
6/30/23,1323,4
6/30/23,2525,7.63
6/30/23,1350,5.59
6/30/23,1353,9.99
6/30/23,2540,3.82
6/30/23,1375,19.09
6/30/23,2581,3.81
6/30/23,1382,3.91
6/30/23,1161,15.38
6/30/23,2588,4.99
6/30/23,1385,4.26
6/30/23,1387,4.99
6/30/23,2593,3.81
6/30/23,1389,3.81
6/30/23,2597,4.49
6/30/23,1414,4.99
6/30/23,1417,4.99
6/30/23,1418,3.81
6/30/23,2646,7.63
6/30/23,1421,3.82
6/30/23,2693,3.82
6/30/23,560,4.99
6/30/23,1451,3.82
6/30/23,2736,3.82
6/30/23,1482,3.82
6/30/23,2754,5.99
6/30/23,2758,6.89
6/30/23,1513,5
6/30/23,2810,7.69
6/30/23,1516,3.82
6/30/23,2856,3.82
6/30/23,1551,3.82
6/30/23,1585,4.99
6/30/23,1589,3.81
6/30/23,2992,3.82
6/30/23,2998,4.99
6/30/23,3048,3.81
6/30/23,1654,3.82
6/30/23,3054,3.82
6/30/23,1656,3.82
6/30/23,3062,4.99
6/30/23,1126,7.63
6/30/23,1662,7.83
6/30/23,1683,3.81
6/30/23,1688,3.82
6/30/23,1691,6.99
6/30/23,1692,3.81
6/30/23,3162,3.99
6/30/23,1721,71.16
6/30/23,3171,9.99
6/30/23,1726,3.82
6/30/23,2855,4.99
6/30/23,3176,4.97
6/30/23,3230,6.39
6/30/23,1786,3.82
6/30/23,3280,7.98
6/30/23,1788,7.49
6/30/23,1819,7.83
6/30/23,3337,7.63
6/30/23,1822,6.99
6/30/23,3343,3.81
6/30/23,3386,3.82
6/30/23,3390,4.99
6/30/23,3393,3.82
6/30/23,1859,3.81
6/30/23,3456,6.39
6/30/23,1889,3.82
6/30/23,3458,7.63
6/30/23,3513,3.81
6/30/23,3519,3.81
6/30/23,1923,5.99
6/30/23,1945,3.81
6/30/23,1946,4.99
6/30/23,1947,4.99
6/30/23,1948,17.69
6/30/23,3569,3.82
6/30/23,3572,17.69
6/30/23,3608,3.82
6/30/23,1975,8.28
6/30/23,1976,4.14
6/30/23,3615,3.69
6/30/23,3617,7.99
6/30/23,1979,7.63
6/30/23,2004,3.82
6/30/23,2007,5.99
6/30/23,2009,9.99
6/30/23,2037,4.99
6/30/23,3721,3.82
6/30/23,2038,3.91
6/30/23,2039,6.99
6/30/23,3731,7.63
6/30/23,3735,5.99
6/30/23,2047,3.82
6/30/23,587,6.99
6/30/23,2079,7.69
6/30/23,259,6.39
6/30/23,3799,7.99
6/30/23,3872,3.81
6/30/23,3873,3.69
6/30/23,2126,8.29
6/30/23,2127,3.82